caller,callee_module,callee_member,line,import_type
LMT/experimental/ComputeSuccessiveWaterStops.py,Event.py,*,14,from_module
LMT/experimental/ComputeSuccessiveWaterStops.py,Measure.py,*,15,from_module
LMT/experimental/ComputeSuccessiveWaterStops.py,Animal.py,*,16,from_module
LMT/experimental/ComputeSuccessiveWaterStops.py,Util.py,getMinTMaxTAndFileNameInput,19,from_module
LMT/experimental/ComputeSuccessiveWaterStops.py,FileUtil.py,getFilesToProcess,21,from_module
LMT/experimental/ComputeSuccessiveWaterStops.py,EventTimeLineCache.py,EventTimeLineCached,22,from_module
LMT/experimental/Animal_LMTtoolkit.py,Animal.py,*,21,from_module
LMT/examples/001_draw_trajectory.py,FileUtil.py,getFilesToProcess,15,from_module
LMT/examples/001_draw_trajectory.py,Animal.py,AnimalPool,16,from_module
LMT/examples/001_draw_trajectory.py,Measure.py,oneHour,17,from_module
LMT/examples/004_draw_trajectory_filter_area.py,FileUtil.py,getFilesToProcess,15,from_module
LMT/examples/004_draw_trajectory_filter_area.py,Animal.py,AnimalPool,16,from_module
LMT/examples/004_draw_trajectory_filter_area.py,Measure.py,oneHour,17,from_module
LMT/examples/004_draw_trajectory_filter_area.py,Measure.py,oneMinute,17,from_module
LMT/examples/010_load_and_show_event_time_line_with_id2.py,FileUtil.py,getFilesToProcess,15,from_module
LMT/examples/010_load_and_show_event_time_line_with_id2.py,Animal.py,AnimalPool,16,from_module
LMT/examples/010_load_and_show_event_time_line_with_id2.py,Measure.py,*,17,from_module
LMT/examples/010_load_and_show_event_time_line_with_id2.py,Event.py,EventTimeLine,18,from_module
LMT/examples/010_load_and_show_event_time_line_with_id2.py,Event.py,plotMultipleTimeLine,18,from_module
LMT/examples/012_ShowMask.py,Animal.py,AnimalPool,16,from_module
LMT/examples/012_ShowMask.py,FileUtil.py,getFilesToProcess,17,from_module
LMT/examples/002_draw_trajectory_filter_speed_1.py,FileUtil.py,getFilesToProcess,15,from_module
LMT/examples/002_draw_trajectory_filter_speed_1.py,Animal.py,AnimalPool,16,from_module
LMT/examples/002_draw_trajectory_filter_speed_1.py,Measure.py,oneHour,17,from_module
LMT/examples/001_draw_anonymous_detection.py,FileUtil.py,getFilesToProcess,15,from_module
LMT/examples/001_draw_anonymous_detection.py,Animal.py,AnimalPool,16,from_module
LMT/examples/001_draw_anonymous_detection.py,Measure.py,oneHour,17,from_module
LMT/examples/001_draw_anonymous_detection.py,Measure.py,oneMinute,17,from_module
LMT/examples/005_time_spent_in_area.py,FileUtil.py,getFilesToProcess,15,from_module
LMT/examples/005_time_spent_in_area.py,Animal.py,AnimalPool,16,from_module
LMT/examples/005_time_spent_in_area.py,Measure.py,oneHour,17,from_module
LMT/examples/005_time_spent_in_area.py,Measure.py,oneMinute,17,from_module
LMT/examples/008_load_and_show_event_time_line.py,FileUtil.py,getFilesToProcess,15,from_module
LMT/examples/008_load_and_show_event_time_line.py,Animal.py,AnimalPool,16,from_module
LMT/examples/008_load_and_show_event_time_line.py,Measure.py,*,17,from_module
LMT/examples/008_load_and_show_event_time_line.py,Event.py,EventTimeLine,18,from_module
LMT/examples/003_draw_trajectory_filter_speed_2.py,FileUtil.py,getFilesToProcess,15,from_module
LMT/examples/003_draw_trajectory_filter_speed_2.py,Animal.py,AnimalPool,16,from_module
LMT/examples/003_draw_trajectory_filter_speed_2.py,Measure.py,oneHour,17,from_module
LMT/examples/006_plot_3D_trajectory.py,FileUtil.py,getFilesToProcess,15,from_module
LMT/examples/006_plot_3D_trajectory.py,Animal.py,AnimalPool,16,from_module
LMT/examples/006_plot_3D_trajectory.py,Measure.py,oneHour,17,from_module
LMT/examples/006_plot_3D_trajectory.py,Measure.py,oneMinute,17,from_module
LMT/examples/011_number_and_duration_event.py,FileUtil.py,getFilesToProcess,15,from_module
LMT/examples/011_number_and_duration_event.py,Animal.py,AnimalPool,16,from_module
LMT/examples/011_number_and_duration_event.py,Measure.py,*,17,from_module
LMT/examples/011_number_and_duration_event.py,Event.py,EventTimeLine,18,from_module
LMT/examples/007_distance_traveled.py,FileUtil.py,getFilesToProcess,15,from_module
LMT/examples/007_distance_traveled.py,Animal.py,AnimalPool,16,from_module
LMT/examples/007_distance_traveled.py,Measure.py,oneHour,17,from_module
LMT/examples/007_distance_traveled.py,Measure.py,oneMinute,17,from_module
LMT/examples/009_load_and_show_event_time_line_with_id.py,FileUtil.py,getFilesToProcess,15,from_module
LMT/examples/009_load_and_show_event_time_line_with_id.py,Animal.py,AnimalPool,16,from_module
LMT/examples/009_load_and_show_event_time_line_with_id.py,Measure.py,*,17,from_module
LMT/examples/009_load_and_show_event_time_line_with_id.py,Event.py,EventTimeLine,18,from_module
LMT/examples/009_load_and_show_event_time_line_with_id.py,Event.py,plotMultipleTimeLine,18,from_module
LMT/scripts/Compute_Measures_Identity_Profile_Pairs.py,Animal.py,*,15,from_module
LMT/scripts/Compute_Measures_Identity_Profile_Pairs.py,Event.py,*,17,from_module
LMT/scripts/Compute_Measures_Identity_Profile_Pairs.py,Measure.py,*,18,from_module
LMT/scripts/Compute_Measures_Identity_Profile_Pairs.py,BuildEventTrain3.py,,19,from_package
LMT/scripts/Compute_Measures_Identity_Profile_Pairs.py,BuildEventTrain4.py,,19,from_package
LMT/scripts/Compute_Measures_Identity_Profile_Pairs.py,BuildEventFollowZone.py,,19,from_package
LMT/scripts/Compute_Measures_Identity_Profile_Pairs.py,BuildEventRear5.py,,19,from_package
LMT/scripts/Compute_Measures_Identity_Profile_Pairs.py,BuildEventFloorSniffing.py,,19,from_package
LMT/scripts/Compute_Measures_Identity_Profile_Pairs.py,\.py,,19,from_package
LMT/scripts/Compute_Measures_Identity_Profile_Pairs.py,Util.py,getMinTMaxTAndFileNameInput,25,from_module
LMT/scripts/Compute_Measures_Identity_Profile_Pairs.py,Util.py,level,25,from_module
LMT/scripts/Compute_Measures_Identity_Profile_Pairs.py,EventTimeLineCache.py,EventTimeLineCached,26,from_module
LMT/scripts/Compute_Measures_Identity_Profile_Pairs.py,FileUtil.py,getFilesToProcess,27,from_module
LMT/scripts/Compute_Measures_Identity_Profile_Pairs.py,FileUtil.py,addJitter,27,from_module
LMT/scripts/PlotSensorData.py,Animal.py,*,15,from_module
LMT/scripts/ExportResultsToCSV.py,FileUtil.py,behaviouralEventOneMouse,18,from_module
LMT/scripts/ExportResultsToCSV.py,FileUtil.py,getJsonFileToProcess,18,from_module
LMT/scripts/ComputeMeasuresIdentityProfileOneMouseAutomatic.py,FileUtil.py,getFigureBehaviouralEventsLabelsFrench,17,from_module
LMT/scripts/ComputeMeasuresIdentityProfileOneMouseAutomatic.py,FileUtil.py,behaviouralEventOneMouse,17,from_module
LMT/scripts/ComputeMeasuresIdentityProfileOneMouseAutomatic.py,FileUtil.py,behaviouralEventOneMouseDic,17,from_module
LMT/scripts/ComputeMeasuresIdentityProfileOneMouseAutomatic.py,FileUtil.py,getFigureBehaviouralEventsLabels,17,from_module
LMT/scripts/ComputeMeasuresIdentityProfileOneMouseAutomatic.py,FileUtil.py,categoryList,17,from_module
LMT/scripts/ComputeMeasuresIdentityProfileOneMouseAutomatic.py,FileUtil.py,\,17,from_module
LMT/scripts/ComputeMeasuresIdentityProfileOneMouseAutomatic.py,Animal.py,*,19,from_module
LMT/scripts/ComputeMeasuresIdentityProfileOneMouseAutomatic.py,Event.py,*,22,from_module
LMT/scripts/ComputeMeasuresIdentityProfileOneMouseAutomatic.py,Measure.py,*,23,from_module
LMT/scripts/ComputeMeasuresIdentityProfileOneMouseAutomatic.py,Util.py,getMinTMaxTAndFileNameInput,31,from_module
LMT/scripts/ComputeMeasuresIdentityProfileOneMouseAutomatic.py,Util.py,getColorGeno,31,from_module
LMT/scripts/ComputeMeasuresIdentityProfileOneMouseAutomatic.py,Util.py,\,31,from_module
LMT/scripts/ComputeMeasuresIdentityProfileOneMouseAutomatic.py,EventTimeLineCache.py,EventTimeLineCached,33,from_module
LMT/scripts/ComputeMeasuresIdentityProfileOneMouseAutomatic.py,FileUtil.py,*,34,from_module
LMT/scripts/ComputeMeasuresIdentityProfileOneMouseAutomatic.py,Util.py,getFileNameInput,35,from_module
LMT/scripts/ComputeMeasuresIdentityProfileOneMouseAutomatic.py,Util.py,getStarsFromPvalues,35,from_module
LMT/scripts/ExportResultsDyadicToCSV.py,FileUtil.py,behaviouralEventOneMouse,21,from_module
LMT/scripts/ExportResultsDyadicToCSV.py,FileUtil.py,getJsonFileToProcess,21,from_module
LMT/scripts/AlterColBase.py,Animal.py,*,15,from_module
LMT/scripts/AlterColBase.py,Event.py,*,17,from_module
LMT/scripts/AlterColBase.py,Measure.py,*,18,from_module
LMT/scripts/AlterColBase.py,BuildEventTrain3.py,,19,from_package
LMT/scripts/AlterColBase.py,BuildEventTrain4.py,,19,from_package
LMT/scripts/AlterColBase.py,BuildEventTrain2.py,,19,from_package
LMT/scripts/AlterColBase.py,BuildEventFollowZone.py,,19,from_package
LMT/scripts/AlterColBase.py,BuildEventRear5.py,,19,from_package
LMT/scripts/AlterColBase.py,BuildEventFloorSniffing.py,,19,from_package
LMT/scripts/AlterColBase.py,\.py,,19,from_package
LMT/scripts/AlterColBase.py,TaskLogger.py,TaskLogger,33,from_module
LMT/scripts/AlterColBase.py,FileUtil.py,getFilesToProcess,36,from_module
LMT/scripts/AlterColBase.py,EventTimeLineCache.py,flushEventTimeLineCache,37,from_module
LMT/scripts/AlterColBase.py,EventTimeLineCache.py,\,37,from_module
LMT/scripts/AlterColBase.py,EventTimeLineCache.py,EventTimeLineCached,41,from_module
LMT/scripts/Rebuild_All_Profile_deprecated.py,Animal.py,*,15,from_module
LMT/scripts/Rebuild_All_Profile_deprecated.py,Event.py,*,17,from_module
LMT/scripts/Rebuild_All_Profile_deprecated.py,Measure.py,*,18,from_module
LMT/scripts/Rebuild_All_Profile_deprecated.py,BuildEventTrain3.py,,19,from_package
LMT/scripts/Rebuild_All_Profile_deprecated.py,BuildEventTrain4.py,,19,from_package
LMT/scripts/Rebuild_All_Profile_deprecated.py,BuildEventTrain2.py,,19,from_package
LMT/scripts/Rebuild_All_Profile_deprecated.py,BuildEventFollowZone.py,,19,from_package
LMT/scripts/Rebuild_All_Profile_deprecated.py,BuildEventRear5.py,,19,from_package
LMT/scripts/Rebuild_All_Profile_deprecated.py,BuildEventFloorSniffing.py,,19,from_package
LMT/scripts/Rebuild_All_Profile_deprecated.py,\.py,,19,from_package
LMT/scripts/Compute_OnHouseTimelines.py,Animal.py,*,15,from_module
LMT/scripts/Compute_OnHouseTimelines.py,Event.py,*,17,from_module
LMT/scripts/Compute_OnHouseTimelines.py,Measure.py,*,18,from_module
LMT/scripts/Compute_OnHouseTimelines.py,Util.py,getMinTMaxTAndFileNameInput,22,from_module
LMT/scripts/Compute_OnHouseTimelines.py,EventTimeLineCache.py,EventTimeLineCached,23,from_module
LMT/scripts/Compute_OnHouseTimelines.py,FileUtil.py,getFilesToProcess,24,from_module
LMT/scripts/PlotFigureProfilesAuto.py,Animal.py,*,15,from_module
LMT/scripts/PlotFigureProfilesAuto.py,Event.py,*,18,from_module
LMT/scripts/PlotFigureProfilesAuto.py,Measure.py,*,19,from_module
LMT/scripts/PlotFigureProfilesAuto.py,Util.py,getMinTMaxTAndFileNameInput,29,from_module
LMT/scripts/PlotFigureProfilesAuto.py,EventTimeLineCache.py,EventTimeLineCached,30,from_module
LMT/scripts/PlotFigureProfilesAuto.py,FileUtil.py,getFilesToProcess,31,from_module
LMT/scripts/PlotFigureProfilesAuto.py,FileUtil.py,getJsonFileToProcess,31,from_module
LMT/scripts/PlotFigureProfilesAuto.py,Util.py,getFileNameInput,32,from_module
LMT/scripts/PlotFigureProfilesAuto.py,Util.py,getStarsFromPvalues,32,from_module
LMT/scripts/PlotTimeLineActivity.py,Animal.py,*,15,from_module
LMT/scripts/PlotTimeLineActivity.py,Event.py,*,17,from_module
LMT/scripts/PlotTimeLineActivity.py,Measure.py,*,18,from_module
LMT/scripts/PlotTimeLineActivity.py,FileUtil.py,getFilesToProcess,31,from_module
LMT/scripts/PlotTimeLineActivity.py,Util.py,convert_to_d_h_m_s,33,from_module
LMT/scripts/PlotTimeLineActivity.py,Util.py,getMinTMaxTAndFileNameInput,33,from_module
LMT/scripts/PlotFigurePairsBothSexes.py,Animal.py,*,15,from_module
LMT/scripts/PlotFigurePairsBothSexes.py,Event.py,*,18,from_module
LMT/scripts/PlotFigurePairsBothSexes.py,Measure.py,*,19,from_module
LMT/scripts/PlotFigurePairsBothSexes.py,Util.py,getMinTMaxTAndFileNameInput,29,from_module
LMT/scripts/PlotFigurePairsBothSexes.py,EventTimeLineCache.py,EventTimeLineCached,30,from_module
LMT/scripts/PlotFigurePairsBothSexes.py,FileUtil.py,getFilesToProcess,31,from_module
LMT/scripts/PlotFigurePairsBothSexes.py,FileUtil.py,getJsonFileToProcess,31,from_module
LMT/scripts/PlotFigurePairsBothSexes.py,Util.py,getFileNameInput,32,from_module
LMT/scripts/PlotFigurePairsBothSexes.py,Util.py,getStarsFromPvalues,32,from_module
LMT/scripts/Compute_Measures_Identity_Profile_OneMouse.py,Animal.py,*,15,from_module
LMT/scripts/Compute_Measures_Identity_Profile_OneMouse.py,Event.py,*,17,from_module
LMT/scripts/Compute_Measures_Identity_Profile_OneMouse.py,Measure.py,*,18,from_module
LMT/scripts/Compute_Measures_Identity_Profile_OneMouse.py,BuildEventTrain3.py,,19,from_package
LMT/scripts/Compute_Measures_Identity_Profile_OneMouse.py,BuildEventTrain4.py,,19,from_package
LMT/scripts/Compute_Measures_Identity_Profile_OneMouse.py,BuildEventFollowZone.py,,19,from_package
LMT/scripts/Compute_Measures_Identity_Profile_OneMouse.py,BuildEventRear5.py,,19,from_package
LMT/scripts/Compute_Measures_Identity_Profile_OneMouse.py,BuildEventFloorSniffing.py,,19,from_package
LMT/scripts/Compute_Measures_Identity_Profile_OneMouse.py,\.py,,19,from_package
LMT/scripts/Compute_Measures_Identity_Profile_OneMouse.py,Util.py,getMinTMaxTAndFileNameInput,25,from_module
LMT/scripts/Compute_Measures_Identity_Profile_OneMouse.py,EventTimeLineCache.py,EventTimeLineCached,26,from_module
LMT/scripts/ExportResultsProfilesToCSV.py,FileUtil.py,behaviouralEventOneMouse,21,from_module
LMT/scripts/ExportResultsProfilesToCSV.py,FileUtil.py,getJsonFileToProcess,21,from_module
LMT/scripts/ExportResultsProfilesToCSV.py,FileUtil.py,\,21,from_module
LMT/scripts/ManualNightInput.py,Animal.py,*,15,from_module
LMT/scripts/ManualNightInput.py,Event.py,*,17,from_module
LMT/scripts/ManualNightInput.py,Measure.py,*,18,from_module
LMT/scripts/ManualNightInput.py,BuildEventTrain3.py,,19,from_package
LMT/scripts/ManualNightInput.py,BuildEventTrain4.py,,19,from_package
LMT/scripts/ManualNightInput.py,BuildEventTrain2.py,,19,from_package
LMT/scripts/ManualNightInput.py,BuildEventFollowZone.py,,19,from_package
LMT/scripts/ManualNightInput.py,BuildEventRear5.py,,19,from_package
LMT/scripts/ManualNightInput.py,BuildEventFloorSniffing.py,,19,from_package
LMT/scripts/ManualNightInput.py,\.py,,19,from_package
LMT/scripts/ManualNightInput.py,TaskLogger.py,TaskLogger,32,from_module
LMT/scripts/ManualNightInput.py,FileUtil.py,getFilesToProcess,35,from_module
LMT/scripts/ManualNightInput.py,EventTimeLineCache.py,flushEventTimeLineCache,36,from_module
LMT/scripts/ManualNightInput.py,EventTimeLineCache.py,\,36,from_module
LMT/scripts/Plot_Activity_Interlab_Study_First_4h.py,Animal.py,*,15,from_module
LMT/scripts/Plot_Activity_Interlab_Study_First_4h.py,Event.py,*,17,from_module
LMT/scripts/Plot_Activity_Interlab_Study_First_4h.py,Measure.py,*,18,from_module
LMT/scripts/Plot_Activity_Interlab_Study_First_4h.py,FileUtil.py,getFilesToProcess,31,from_module
LMT/scripts/Plot_Activity_Interlab_Study_First_4h.py,Util.py,convert_to_d_h_m_s,33,from_module
LMT/scripts/Plot_Activity_Interlab_Study_First_4h.py,Util.py,getMinTMaxTAndFileNameInput,33,from_module
LMT/scripts/AddFileInfo.py,Event.py,*,15,from_module
LMT/scripts/AddFileInfo.py,FileUtil.py,getFilesToProcess,18,from_module
LMT/scripts/Compute_Profile_Per_Time_Bin.py,FileUtil.py,getFilesToProcess,13,from_module
LMT/scripts/Compute_Profile_Per_Time_Bin.py,FileUtil.py,behaviouralEventOneMouse,13,from_module
LMT/scripts/Compute_Profile_Per_Time_Bin.py,FileUtil.py,\,13,from_module
LMT/scripts/Compute_Profile_Per_Time_Bin.py,Util.py,getMinTMaxTInput,16,from_module
LMT/scripts/Compute_Profile_Per_Time_Bin.py,Measure.py,oneMinute,17,from_module
LMT/scripts/Compute_Profile_Per_Time_Bin.py,Measure.py,oneHour,17,from_module
LMT/scripts/Compute_Profile_Per_Time_Bin.py,Animal.py,*,20,from_module
LMT/scripts/Compute_Profile_Per_Time_Bin.py,Event.py,*,25,from_module
LMT/scripts/Compute_Profile_Per_Time_Bin.py,Measure.py,*,26,from_module
LMT/scripts/Plot_Trajectory_Single_Object_Explo.py,FileUtil.py,getFilesToProcess,18,from_module
LMT/scripts/Plot_Trajectory_Single_Object_Explo.py,Animal.py,*,22,from_module
LMT/scripts/Plot_Trajectory_Single_Object_Explo.py,Util.py,*,26,from_module
LMT/scripts/Plot_Trajectory_Single_Object_Explo.py,Measure.py,*,27,from_module
LMT/scripts/ExportAnimalListFromJsonResultFile.py,FileUtil.py,getJsonFileToProcess,66,from_module
LMT/scripts/Compute_Contact_Out_Of_Nest_Zone.py,Event.py,*,13,from_module
LMT/scripts/Compute_Contact_Out_Of_Nest_Zone.py,Measure.py,*,14,from_module
LMT/scripts/Compute_Contact_Out_Of_Nest_Zone.py,Animal.py,*,15,from_module
LMT/scripts/Compute_Contact_Out_Of_Nest_Zone.py,Util.py,getMinTMaxTAndFileNameInput,18,from_module
LMT/scripts/Compute_Contact_Out_Of_Nest_Zone.py,FileUtil.py,getFilesToProcess,20,from_module
LMT/scripts/Compute_Make_Break_Group3.py,Animal.py,*,15,from_module
LMT/scripts/Compute_Make_Break_Group3.py,Event.py,*,17,from_module
LMT/scripts/Compute_Make_Break_Group3.py,BuildEventTrain3.py,,19,from_package
LMT/scripts/Compute_Make_Break_Group3.py,BuildEventTrain4.py,,19,from_package
LMT/scripts/Compute_Make_Break_Group3.py,BuildEventFollowZone.py,,19,from_package
LMT/scripts/Compute_Make_Break_Group3.py,BuildEventRear5.py,,19,from_package
LMT/scripts/Compute_Make_Break_Group3.py,BuildEventFloorSniffing.py,,19,from_package
LMT/scripts/Compute_Make_Break_Group3.py,\.py,,19,from_package
LMT/scripts/Compute_Make_Break_Group3.py,Util.py,getMinTMaxTAndFileNameInput,25,from_module
LMT/scripts/Compute_Event_Duration_Distribution.py,Animal.py,*,15,from_module
LMT/scripts/Compute_Event_Duration_Distribution.py,Event.py,*,17,from_module
LMT/scripts/Compute_Event_Duration_Distribution.py,Measure.py,*,18,from_module
LMT/scripts/Compute_Event_Duration_Distribution.py,BuildEventTrain3.py,,19,from_package
LMT/scripts/Compute_Event_Duration_Distribution.py,BuildEventTrain4.py,,19,from_package
LMT/scripts/Compute_Event_Duration_Distribution.py,BuildEventFollowZone.py,,19,from_package
LMT/scripts/Compute_Event_Duration_Distribution.py,BuildEventRear5.py,,19,from_package
LMT/scripts/Compute_Event_Duration_Distribution.py,BuildEventFloorSniffing.py,,19,from_package
LMT/scripts/Compute_Event_Duration_Distribution.py,\.py,,19,from_package
LMT/scripts/Compute_Event_Duration_Distribution.py,Util.py,getMinTMaxTAndFileNameInput,25,from_module
LMT/scripts/NightInputFromHours.py,Util.py,getStartInDatetime,19,from_module
LMT/scripts/NightInputFromHours.py,Util.py,getEndInDatetime,19,from_module
LMT/scripts/NightInputFromHours.py,Util.py,getNumberOfFrames,19,from_module
LMT/scripts/NightInputFromHours.py,Event.py,*,20,from_module
LMT/scripts/NightInputFromHours.py,FileUtil.py,getFilesToProcess,21,from_module
LMT/scripts/NightInputFromHours.py,TaskLogger.py,TaskLogger,23,from_module
LMT/scripts/ExportResultsOpenField.py,FileUtil.py,behaviouralEventOneMouse,20,from_module
LMT/scripts/ExportResultsOpenField.py,FileUtil.py,getJsonFileToProcess,20,from_module
LMT/scripts/Compute_Measures_Identity_Profile.py,Animal.py,*,15,from_module
LMT/scripts/Compute_Measures_Identity_Profile.py,Event.py,*,17,from_module
LMT/scripts/Compute_Measures_Identity_Profile.py,Measure.py,*,18,from_module
LMT/scripts/Compute_Measures_Identity_Profile.py,BuildEventTrain3.py,,19,from_package
LMT/scripts/Compute_Measures_Identity_Profile.py,BuildEventTrain4.py,,19,from_package
LMT/scripts/Compute_Measures_Identity_Profile.py,BuildEventFollowZone.py,,19,from_package
LMT/scripts/Compute_Measures_Identity_Profile.py,BuildEventRear5.py,,19,from_package
LMT/scripts/Compute_Measures_Identity_Profile.py,BuildEventFloorSniffing.py,,19,from_package
LMT/scripts/Compute_Measures_Identity_Profile.py,\.py,,19,from_package
LMT/scripts/Compute_Measures_Identity_Profile.py,Util.py,getMinTMaxTAndFileNameInput,25,from_module
LMT/scripts/Rebuild_All_Profile_Relative.py,Animal.py,*,15,from_module
LMT/scripts/Rebuild_All_Profile_Relative.py,Event.py,*,17,from_module
LMT/scripts/Rebuild_All_Profile_Relative.py,Measure.py,*,18,from_module
LMT/scripts/Rebuild_All_Profile_Relative.py,BuildEventTrain3.py,,19,from_package
LMT/scripts/Rebuild_All_Profile_Relative.py,BuildEventTrain4.py,,19,from_package
LMT/scripts/Rebuild_All_Profile_Relative.py,BuildEventTrain2.py,,19,from_package
LMT/scripts/Rebuild_All_Profile_Relative.py,BuildEventFollowZone.py,,19,from_package
LMT/scripts/Rebuild_All_Profile_Relative.py,BuildEventRear5.py,,19,from_package
LMT/scripts/Rebuild_All_Profile_Relative.py,BuildEventFloorSniffing.py,,19,from_package
LMT/scripts/Rebuild_All_Profile_Relative.py,\.py,,19,from_package
LMT/scripts/Plot_Figure_Activity_NOR_habituation_group_monitoring.py,Animal.py,*,23,from_module
LMT/scripts/Plot_Figure_Activity_NOR_habituation_group_monitoring.py,Util.py,*,25,from_module
LMT/scripts/Plot_Figure_Activity_NOR_habituation_group_monitoring.py,Measure.py,*,26,from_module
LMT/scripts/Plot_Figure_Activity_NOR_habituation_group_monitoring.py,FileUtil.py,*,30,from_module
LMT/scripts/nightInputFromSensor.py,Animal.py,*,11,from_module
LMT/scripts/nightInputFromSensor.py,Event.py,*,12,from_module
LMT/scripts/nightInputFromSensor.py,Measure.py,*,13,from_module
LMT/scripts/nightInputFromSensor.py,FileUtil.py,getFilesToProcess,16,from_module
LMT/scripts/ComputeMeanSpeedPerEvent.py,Animal.py,*,15,from_module
LMT/scripts/ComputeMeanSpeedPerEvent.py,Event.py,*,16,from_module
LMT/scripts/ComputeMeanSpeedPerEvent.py,EventTimeLineCache.py,EventTimeLineCached,17,from_module
LMT/scripts/ComputeMeanSpeedPerEvent.py,Measure.py,*,18,from_module
LMT/scripts/ComputeMeanSpeedPerEvent.py,Util.py,getMinTMaxTAndFileNameInput,21,from_module
LMT/scripts/ComputeMeanSpeedPerEvent.py,Util.py,getMinTMaxTInput,21,from_module
LMT/scripts/ComputeMeanSpeedPerEvent.py,FileUtil.py,getFilesToProcess,24,from_module
LMT/scripts/ComputeMeanSpeedPerEvent.py,FileUtil.py,getJsonFileToProcess,24,from_module
LMT/scripts/ComputeMeanSpeedPerEvent.py,Util.py,getFileNameInput,33,from_module
LMT/scripts/ComputeMeanSpeedPerEvent.py,Util.py,getStarsFromPvalues,33,from_module
LMT/scripts/ComputeMeanSpeedPerEvent.py,Util.py,addJitter,33,from_module
LMT/scripts/ComputeMeanSpeedPerEvent.py,BehaviouralSequencesUtil.py,genoListGeneral,35,from_module
LMT/scripts/ComputeMeanSpeedPerEvent.py,BehaviouralSequencesUtil.py,genoList,35,from_module
LMT/scripts/BuildDataBaseIndex.py,BuildDataBaseIndex.py,buildDataBaseIndex,16,from_module
LMT/scripts/BuildDataBaseIndex.py,FileUtil.py,getFilesToProcess,18,from_module
LMT/scripts/Compute_Proportions_Group3.py,Animal.py,*,15,from_module
LMT/scripts/Compute_Proportions_Group3.py,Event.py,*,17,from_module
LMT/scripts/Compute_Proportions_Group3.py,BuildEventTrain3.py,,19,from_package
LMT/scripts/Compute_Proportions_Group3.py,BuildEventTrain4.py,,19,from_package
LMT/scripts/Compute_Proportions_Group3.py,BuildEventFollowZone.py,,19,from_package
LMT/scripts/Compute_Proportions_Group3.py,BuildEventRear5.py,,19,from_package
LMT/scripts/Compute_Proportions_Group3.py,BuildEventFloorSniffing.py,,19,from_package
LMT/scripts/Compute_Proportions_Group3.py,\.py,,19,from_package
LMT/scripts/Compute_Proportions_Group3.py,Util.py,getMinTMaxTAndFileNameInput,25,from_module
LMT/scripts/Compute_Link_Make_Break_Group3.py,Animal.py,*,15,from_module
LMT/scripts/Compute_Link_Make_Break_Group3.py,Event.py,*,17,from_module
LMT/scripts/Compute_Link_Make_Break_Group3.py,BuildEventTrain3.py,,19,from_package
LMT/scripts/Compute_Link_Make_Break_Group3.py,BuildEventTrain4.py,,19,from_package
LMT/scripts/Compute_Link_Make_Break_Group3.py,BuildEventFollowZone.py,,19,from_package
LMT/scripts/Compute_Link_Make_Break_Group3.py,BuildEventRear5.py,,19,from_package
LMT/scripts/Compute_Link_Make_Break_Group3.py,BuildEventFloorSniffing.py,,19,from_package
LMT/scripts/Compute_Link_Make_Break_Group3.py,\.py,,19,from_package
LMT/scripts/Compute_Link_Make_Break_Group3.py,Util.py,getMinTMaxTAndFileNameInput,25,from_module
LMT/scripts/Compute_Distance_Lg_Term_Timebin.py,Animal.py,*,15,from_module
LMT/scripts/Compute_Distance_Lg_Term_Timebin.py,Event.py,*,17,from_module
LMT/scripts/Compute_Distance_Lg_Term_Timebin.py,Measure.py,*,18,from_module
LMT/scripts/Compute_Distance_Lg_Term_Timebin.py,Util.py,getMinTMaxTAndFileNameInput,21,from_module
LMT/scripts/TimeLineActivity.py,Animal.py,*,18,from_module
LMT/scripts/TimeLineActivity.py,Event.py,*,19,from_module
LMT/scripts/TimeLineActivity.py,Measure.py,*,20,from_module
LMT/scripts/TimeLineActivity.py,FileUtil.py,getFilesToProcess,21,from_module
LMT/scripts/TimeLineActivity.py,Util.py,convert_to_d_h_m_s,22,from_module
LMT/scripts/TimeLineActivity.py,Util.py,getMinTMaxTAndFileNameInput,22,from_module
LMT/scripts/Compute_Link_Make_Break_Group4.py,Animal.py,*,15,from_module
LMT/scripts/Compute_Link_Make_Break_Group4.py,BuildEventTrain3.py,,19,from_package
LMT/scripts/Compute_Link_Make_Break_Group4.py,BuildEventTrain4.py,,19,from_package
LMT/scripts/Compute_Link_Make_Break_Group4.py,BuildEventFollowZone.py,,19,from_package
LMT/scripts/Compute_Link_Make_Break_Group4.py,BuildEventRear5.py,,19,from_package
LMT/scripts/Compute_Link_Make_Break_Group4.py,BuildEventFloorSniffing.py,,19,from_package
LMT/scripts/Compute_Link_Make_Break_Group4.py,\.py,,19,from_package
LMT/scripts/Compute_Link_Make_Break_Group4.py,Util.py,getMinTMaxTAndFileNameInput,26,from_module
LMT/scripts/Compute_Manual_Validation.py,Animal.py,*,15,from_module
LMT/scripts/Compute_Manual_Validation.py,Util.py,getMinTMaxTAndFileNameInput,21,from_module
LMT/scripts/Inter animal interaction matrix.py,Animal.py,*,15,from_module
LMT/scripts/Inter animal interaction matrix.py,Event.py,*,17,from_module
LMT/scripts/Inter animal interaction matrix.py,Measure.py,*,18,from_module
LMT/scripts/Inter animal interaction matrix.py,Util.py,getAllEvents,19,from_module
LMT/scripts/Inter animal interaction matrix.py,BuildEventTrain3.py,,20,from_package
LMT/scripts/Inter animal interaction matrix.py,BuildEventTrain4.py,,20,from_package
LMT/scripts/Inter animal interaction matrix.py,BuildEventTrain2.py,,20,from_package
LMT/scripts/Inter animal interaction matrix.py,BuildEventFollowZone.py,,20,from_package
LMT/scripts/Inter animal interaction matrix.py,BuildEventRear5.py,,20,from_package
LMT/scripts/Inter animal interaction matrix.py,BuildEventFloorSniffing.py,,20,from_package
LMT/scripts/Inter animal interaction matrix.py,\.py,,20,from_package
LMT/scripts/checkMove.py,FileUtil.py,getFilesToProcess,15,from_module
LMT/scripts/checkMove.py,Animal.py,AnimalPool,16,from_module
LMT/scripts/checkMove.py,Measure.py,*,17,from_module
LMT/scripts/checkMove.py,Event.py,EventTimeLine,18,from_module
LMT/scripts/checkMove.py,Event.py,plotMultipleTimeLine,18,from_module
LMT/scripts/fix_RFID.py,FileUtil.py,getFilesToProcess,13,from_module
LMT/scripts/fix_RFID.py,Animal.py,AnimalPool,14,from_module
LMT/scripts/PlotTimeLineActivityAutomatic.py,Animal.py,*,15,from_module
LMT/scripts/PlotTimeLineActivityAutomatic.py,Event.py,*,17,from_module
LMT/scripts/PlotTimeLineActivityAutomatic.py,Measure.py,*,18,from_module
LMT/scripts/PlotTimeLineActivityAutomatic.py,FileUtil.py,getFilesToProcess,31,from_module
LMT/scripts/PlotTimeLineActivityAutomatic.py,Util.py,convert_to_d_h_m_s,32,from_module
LMT/scripts/PlotTimeLineActivityAutomatic.py,Util.py,getMinTMaxTAndFileNameInput,32,from_module
LMT/scripts/Compute_Measures_Identity_Profile_Mixed_Geno_Groups.py,Animal.py,*,15,from_module
LMT/scripts/Compute_Measures_Identity_Profile_Mixed_Geno_Groups.py,Event.py,*,17,from_module
LMT/scripts/Compute_Measures_Identity_Profile_Mixed_Geno_Groups.py,Measure.py,*,18,from_module
LMT/scripts/Compute_Measures_Identity_Profile_Mixed_Geno_Groups.py,BuildEventTrain3.py,,19,from_package
LMT/scripts/Compute_Measures_Identity_Profile_Mixed_Geno_Groups.py,BuildEventTrain4.py,,19,from_package
LMT/scripts/Compute_Measures_Identity_Profile_Mixed_Geno_Groups.py,BuildEventFollowZone.py,,19,from_package
LMT/scripts/Compute_Measures_Identity_Profile_Mixed_Geno_Groups.py,BuildEventRear5.py,,19,from_package
LMT/scripts/Compute_Measures_Identity_Profile_Mixed_Geno_Groups.py,BuildEventFloorSniffing.py,,19,from_package
LMT/scripts/Compute_Measures_Identity_Profile_Mixed_Geno_Groups.py,\.py,,19,from_package
LMT/scripts/Compute_Measures_Identity_Profile_Mixed_Geno_Groups.py,Util.py,getMinTMaxTAndFileNameInput,25,from_module
LMT/scripts/Compute_Measures_Identity_Profile_Mixed_Geno_Groups.py,EventTimeLineCache.py,EventTimeLineCached,26,from_module
LMT/scripts/Rebuild_All_Events.py,Animal.py,*,42,from_module
LMT/scripts/Rebuild_All_Events.py,Event.py,*,44,from_module
LMT/scripts/Rebuild_All_Events.py,Measure.py,*,45,from_module
LMT/scripts/Rebuild_All_Events.py,Util.py,getAllEvents,47,from_module
LMT/scripts/Rebuild_All_Events.py,BuildEventApproachContact.py,,49,from_package
LMT/scripts/Rebuild_All_Events.py,BuildEventOtherContact.py,,49,from_package
LMT/scripts/Rebuild_All_Events.py,BuildEventPassiveAnogenitalSniff.py,,49,from_package
LMT/scripts/Rebuild_All_Events.py,BuildEventHuddling.py,,49,from_package
LMT/scripts/Rebuild_All_Events.py,BuildEventTrain3.py,,49,from_package
LMT/scripts/Rebuild_All_Events.py,BuildEventTrain4.py,,49,from_package
LMT/scripts/Rebuild_All_Events.py,BuildEventTrain2.py,,49,from_package
LMT/scripts/Rebuild_All_Events.py,BuildEventFollowZone.py,,49,from_package
LMT/scripts/Rebuild_All_Events.py,BuildEventRear5.py,,49,from_package
LMT/scripts/Rebuild_All_Events.py,BuildEventCenterPeripheryLocation.py,,49,from_package
LMT/scripts/Rebuild_All_Events.py,BuildEventRearCenterPeriphery.py,,49,from_package
LMT/scripts/Rebuild_All_Events.py,BuildEventFloorSniffing.py,,49,from_package
LMT/scripts/Rebuild_All_Events.py,BuildEventSocialApproach.py,,49,from_package
LMT/scripts/Rebuild_All_Events.py,BuildEventSocialEscape.py,,49,from_package
LMT/scripts/Rebuild_All_Events.py,BuildEventApproachContact.py,,49,from_package
LMT/scripts/Rebuild_All_Events.py,BuildEventOralOralContact.py,,49,from_package
LMT/scripts/Rebuild_All_Events.py,BuildEventApproachRear.py,,49,from_package
LMT/scripts/Rebuild_All_Events.py,BuildEventGroup2.py,,49,from_package
LMT/scripts/Rebuild_All_Events.py,BuildEventGroup3.py,,49,from_package
LMT/scripts/Rebuild_All_Events.py,BuildEventGroup4.py,,49,from_package
LMT/scripts/Rebuild_All_Events.py,BuildEventOralGenitalContact.py,,49,from_package
LMT/scripts/Rebuild_All_Events.py,BuildEventStop.py,,49,from_package
LMT/scripts/Rebuild_All_Events.py,BuildEventWaterPoint.py,,49,from_package
LMT/scripts/Rebuild_All_Events.py,BuildEventMove.py,,49,from_package
LMT/scripts/Rebuild_All_Events.py,BuildEventGroup3MakeBreak.py,,49,from_package
LMT/scripts/Rebuild_All_Events.py,BuildEventGroup4MakeBreak.py,,49,from_package
LMT/scripts/Rebuild_All_Events.py,BuildEventSideBySide.py,,49,from_package
LMT/scripts/Rebuild_All_Events.py,BuildEventSideBySideOpposite.py,,49,from_package
LMT/scripts/Rebuild_All_Events.py,BuildEventDetection.py,,49,from_package
LMT/scripts/Rebuild_All_Events.py,BuildDataBaseIndex.py,,49,from_package
LMT/scripts/Rebuild_All_Events.py,BuildEventWallJump.py,,49,from_package
LMT/scripts/Rebuild_All_Events.py,BuildEventSAP.py,,49,from_package
LMT/scripts/Rebuild_All_Events.py,BuildEventOralSideSequence.py,,49,from_package
LMT/scripts/Rebuild_All_Events.py,CheckWrongAnimal.py,,49,from_package
LMT/scripts/Rebuild_All_Events.py,CorrectDetectionIntegrity.py,,49,from_package
LMT/scripts/Rebuild_All_Events.py,BuildEventNest4.py,,49,from_package
LMT/scripts/Rebuild_All_Events.py,BuildEventNest3.py,,49,from_package
LMT/scripts/Rebuild_All_Events.py,BuildEventGetAway.py,,49,from_package
LMT/scripts/Rebuild_All_Events.py,\.py,,49,from_package
LMT/scripts/Rebuild_All_Events.py,TaskLogger.py,TaskLogger,56,from_module
LMT/scripts/Rebuild_All_Events.py,FileUtil.py,getFilesToProcess,59,from_module
LMT/scripts/Rebuild_All_Events.py,EventTimeLineCache.py,flushEventTimeLineCache,60,from_module
LMT/scripts/Rebuild_All_Events.py,EventTimeLineCache.py,\,60,from_module
LMT/scripts/Rebuild_All_Events.py,EventTimeLineCache.py,EventTimeLineCached,64,from_module
LMT/scripts/Rebuild_All_Events.py,AnimalType.py,AnimalType,65,from_module
LMT/scripts/checkTimeLine.py,FileUtil.py,getFilesToProcess,15,from_module
LMT/scripts/checkTimeLine.py,Animal.py,AnimalPool,16,from_module
LMT/scripts/checkTimeLine.py,Measure.py,*,17,from_module
LMT/scripts/checkTimeLine.py,Event.py,EventTimeLine,18,from_module
LMT/scripts/checkTimeLine.py,Event.py,plotMultipleTimeLine,18,from_module
LMT/scripts/SemiAutomaticNightInput.py,Animal.py,*,16,from_module
LMT/scripts/SemiAutomaticNightInput.py,Event.py,*,18,from_module
LMT/scripts/SemiAutomaticNightInput.py,Measure.py,*,19,from_module
LMT/scripts/SemiAutomaticNightInput.py,TaskLogger.py,TaskLogger,24,from_module
LMT/scripts/SemiAutomaticNightInput.py,FileUtil.py,getFilesToProcess,27,from_module
LMT/scripts/SemiAutomaticNightInput.py,EventTimeLineCache.py,flushEventTimeLineCache,28,from_module
LMT/scripts/SemiAutomaticNightInput.py,EventTimeLineCache.py,\,28,from_module
LMT/scripts/Compute_Measures_Identity_Profile_Dyadic.py,Animal.py,*,15,from_module
LMT/scripts/Compute_Measures_Identity_Profile_Dyadic.py,Event.py,*,17,from_module
LMT/scripts/Compute_Measures_Identity_Profile_Dyadic.py,Measure.py,*,18,from_module
LMT/scripts/Compute_Measures_Identity_Profile_Dyadic.py,BuildEventTrain3.py,,19,from_package
LMT/scripts/Compute_Measures_Identity_Profile_Dyadic.py,BuildEventTrain4.py,,19,from_package
LMT/scripts/Compute_Measures_Identity_Profile_Dyadic.py,BuildEventFollowZone.py,,19,from_package
LMT/scripts/Compute_Measures_Identity_Profile_Dyadic.py,BuildEventRear5.py,,19,from_package
LMT/scripts/Compute_Measures_Identity_Profile_Dyadic.py,BuildEventFloorSniffing.py,,19,from_package
LMT/scripts/Compute_Measures_Identity_Profile_Dyadic.py,\.py,,19,from_package
LMT/scripts/Compute_Measures_Identity_Profile_Dyadic.py,Util.py,getMinTMaxTAndFileNameInput,25,from_module
LMT/scripts/Compute_Make_Break_Group4.py,Animal.py,*,15,from_module
LMT/scripts/Compute_Make_Break_Group4.py,Event.py,*,17,from_module
LMT/scripts/Compute_Make_Break_Group4.py,BuildEventTrain3.py,,19,from_package
LMT/scripts/Compute_Make_Break_Group4.py,BuildEventTrain4.py,,19,from_package
LMT/scripts/Compute_Make_Break_Group4.py,BuildEventFollowZone.py,,19,from_package
LMT/scripts/Compute_Make_Break_Group4.py,BuildEventRear5.py,,19,from_package
LMT/scripts/Compute_Make_Break_Group4.py,BuildEventFloorSniffing.py,,19,from_package
LMT/scripts/Compute_Make_Break_Group4.py,\.py,,19,from_package
LMT/scripts/Compute_Make_Break_Group4.py,Util.py,getMinTMaxTAndFileNameInput,25,from_module
LMT/scripts/Rebuild_info_mice.py,Event.py,*,17,from_module
LMT/scripts/Rebuild_info_mice.py,FileUtil.py,getFilesToProcess,18,from_module
LMT/scripts/Rebuild_info_mice.py,FileUtil.py,getJsonFileToProcess,18,from_module
LMT/scripts/Rebuild_info_mice.py,FileUtil.py,getCsvFileToProcess,18,from_module
LMT/scripts/Check_Experiment_Reliability.py,Animal.py,*,18,from_module
LMT/scripts/Check_Experiment_Reliability.py,Event.py,*,20,from_module
LMT/scripts/Check_Experiment_Reliability.py,Measure.py,*,21,from_module
LMT/scripts/Check_Experiment_Reliability.py,Util.py,getMinTMaxTAndFileNameInput,24,from_module
LMT/scripts/Check_Experiment_Reliability.py,Util.py,getFileNameInput,24,from_module
LMT/scripts/Check_Experiment_Reliability.py,Util.py,\,24,from_module
LMT/scripts/Check_Experiment_Reliability.py,FileUtil.py,getFilesToProcess,26,from_module
LMT/scripts/PlotTimeLineCumulativeWaterPoint.py,Animal.py,*,10,from_module
LMT/scripts/PlotTimeLineCumulativeWaterPoint.py,Event.py,*,12,from_module
LMT/scripts/PlotTimeLineCumulativeWaterPoint.py,Measure.py,*,13,from_module
LMT/scripts/PlotTimeLineCumulativeWaterPoint.py,FileUtil.py,getFilesToProcess,26,from_module
LMT/scripts/PlotTimeLineCumulativeWaterPoint.py,Util.py,convert_to_d_h_m_s,27,from_module
LMT/scripts/PlotTimeLineCumulativeWaterPoint.py,Util.py,getMinTMaxTInput,27,from_module
LMT/scripts/PlotTimeLineCumulativeWaterPoint.py,Parameters.py,getAnimalTypeParameters,28,from_module
LMT/scripts/Compute_Measures_Identity_Profile_OneMouse_During_Night.py,Animal.py,*,15,from_module
LMT/scripts/Compute_Measures_Identity_Profile_OneMouse_During_Night.py,Event.py,*,17,from_module
LMT/scripts/Compute_Measures_Identity_Profile_OneMouse_During_Night.py,Measure.py,*,18,from_module
LMT/scripts/Compute_Measures_Identity_Profile_OneMouse_During_Night.py,BuildEventTrain3.py,,19,from_package
LMT/scripts/Compute_Measures_Identity_Profile_OneMouse_During_Night.py,BuildEventTrain4.py,,19,from_package
LMT/scripts/Compute_Measures_Identity_Profile_OneMouse_During_Night.py,BuildEventFollowZone.py,,19,from_package
LMT/scripts/Compute_Measures_Identity_Profile_OneMouse_During_Night.py,BuildEventRear5.py,,19,from_package
LMT/scripts/Compute_Measures_Identity_Profile_OneMouse_During_Night.py,BuildEventFloorSniffing.py,,19,from_package
LMT/scripts/Compute_Measures_Identity_Profile_OneMouse_During_Night.py,\.py,,19,from_package
LMT/scripts/Compute_Measures_Identity_Profile_OneMouse_During_Night.py,Util.py,getMinTMaxTAndFileNameInput,25,from_module
LMT/scripts/Compute_Measures_Identity_Profile_OneMouse_During_Night.py,EventTimeLineCache.py,EventTimeLineCached,26,from_module
LMT/scripts/Compute_Measures_Identity_Profile_OneMouse_During_Night.py,FileUtil.py,getFilesToProcess,27,from_module
LMT/scripts/ShowLog.py,TaskLogger.py,TaskLogger,17,from_module
LMT/scripts/Compute_Measures_Identity_Profile_Single_Object_Explo.py,Animal.py,*,15,from_module
LMT/scripts/Compute_Measures_Identity_Profile_Single_Object_Explo.py,Event.py,*,17,from_module
LMT/scripts/Compute_Measures_Identity_Profile_Single_Object_Explo.py,Measure.py,*,18,from_module
LMT/scripts/Compute_Measures_Identity_Profile_Single_Object_Explo.py,Util.py,getMinTMaxTAndFileNameInput,22,from_module
LMT/scripts/Compute_Measures_Identity_Profile_Single_Object_Explo.py,EventTimeLineCache.py,EventTimeLineCached,23,from_module
LMT/scripts/Rebuild_All_Exclusive_Contact_Events.py,Animal.py,*,15,from_module
LMT/scripts/Rebuild_All_Exclusive_Contact_Events.py,Event.py,*,17,from_module
LMT/scripts/Rebuild_All_Exclusive_Contact_Events.py,Measure.py,*,18,from_module
LMT/scripts/Rebuild_All_Exclusive_Contact_Events.py,Util.py,getAllEvents,20,from_module
LMT/scripts/Rebuild_All_Exclusive_Contact_Events.py,BuildEventOtherContact.py,,22,from_package
LMT/scripts/Rebuild_All_Exclusive_Contact_Events.py,BuildEventPassiveAnogenitalSniff.py,,22,from_package
LMT/scripts/Rebuild_All_Exclusive_Contact_Events.py,BuildEventExclusiveMoveStopIsolated.py,,22,from_package
LMT/scripts/Rebuild_All_Exclusive_Contact_Events.py,BuildEventExclusiveUndetected.py,,22,from_package
LMT/scripts/Rebuild_All_Exclusive_Contact_Events.py,BuildEventExclusiveCleanOralOralSideSideNoseAnogenitalContact.py,,22,from_package
LMT/scripts/Rebuild_All_Exclusive_Contact_Events.py,BuildDataBaseIndex.py,,22,from_package
LMT/scripts/Rebuild_All_Exclusive_Contact_Events.py,CheckWrongAnimal.py,,22,from_package
LMT/scripts/Rebuild_All_Exclusive_Contact_Events.py,TaskLogger.py,TaskLogger,28,from_module
LMT/scripts/Rebuild_All_Exclusive_Contact_Events.py,FileUtil.py,getFilesToProcess,31,from_module
LMT/scripts/Rebuild_All_Exclusive_Contact_Events.py,EventTimeLineCache.py,flushEventTimeLineCache,32,from_module
LMT/scripts/Rebuild_All_Exclusive_Contact_Events.py,EventTimeLineCache.py,\,32,from_module
LMT/scripts/Rebuild_All_Exclusive_Contact_Events.py,EventTimeLineCache.py,EventTimeLineCached,36,from_module
LMT/scripts/ComputeMeasuresIdentityProfileOneMouseAutomaticPerIndividual.py,FileUtil.py,getFigureBehaviouralEventsLabelsFrench,16,from_module
LMT/scripts/ComputeMeasuresIdentityProfileOneMouseAutomaticPerIndividual.py,Animal.py,*,17,from_module
LMT/scripts/ComputeMeasuresIdentityProfileOneMouseAutomaticPerIndividual.py,Event.py,*,20,from_module
LMT/scripts/ComputeMeasuresIdentityProfileOneMouseAutomaticPerIndividual.py,Measure.py,*,21,from_module
LMT/scripts/ComputeMeasuresIdentityProfileOneMouseAutomaticPerIndividual.py,Util.py,getMinTMaxTAndFileNameInput,29,from_module
LMT/scripts/ComputeMeasuresIdentityProfileOneMouseAutomaticPerIndividual.py,Util.py,getMinTMaxTInput,29,from_module
LMT/scripts/ComputeMeasuresIdentityProfileOneMouseAutomaticPerIndividual.py,Util.py,\,29,from_module
LMT/scripts/ComputeMeasuresIdentityProfileOneMouseAutomaticPerIndividual.py,EventTimeLineCache.py,EventTimeLineCached,31,from_module
LMT/scripts/ComputeMeasuresIdentityProfileOneMouseAutomaticPerIndividual.py,FileUtil.py,*,32,from_module
LMT/scripts/ComputeMeasuresIdentityProfileOneMouseAutomaticPerIndividual.py,Util.py,getFileNameInput,33,from_module
LMT/scripts/ComputeMeasuresIdentityProfileOneMouseAutomaticPerIndividual.py,Util.py,getStarsFromPvalues,33,from_module
LMT/scripts/ComputeMeasuresIdentityProfileOneMouseAutomaticPerIndividual.py,BehaviouralSequencesUtil.py,genoList,42,from_module
LMT/scripts/Compute_Measures_Identity_Profile_Social_Recognition.py,Animal.py,*,15,from_module
LMT/scripts/Compute_Measures_Identity_Profile_Social_Recognition.py,Event.py,*,17,from_module
LMT/scripts/Compute_Measures_Identity_Profile_Social_Recognition.py,Measure.py,*,18,from_module
LMT/scripts/Compute_Measures_Identity_Profile_Social_Recognition.py,BuildEventTrain3.py,,19,from_package
LMT/scripts/Compute_Measures_Identity_Profile_Social_Recognition.py,BuildEventTrain4.py,,19,from_package
LMT/scripts/Compute_Measures_Identity_Profile_Social_Recognition.py,BuildEventFollowZone.py,,19,from_package
LMT/scripts/Compute_Measures_Identity_Profile_Social_Recognition.py,BuildEventRear5.py,,19,from_package
LMT/scripts/Compute_Measures_Identity_Profile_Social_Recognition.py,BuildEventFloorSniffing.py,,19,from_package
LMT/scripts/Compute_Measures_Identity_Profile_Social_Recognition.py,\.py,,19,from_package
LMT/scripts/Compute_Measures_Identity_Profile_Social_Recognition.py,Util.py,getMinTMaxTAndFileNameInput,25,from_module
LMT/scripts/Compute_OnHouseStats.py,Animal.py,*,15,from_module
LMT/scripts/Compute_OnHouseStats.py,Event.py,*,17,from_module
LMT/scripts/Compute_OnHouseStats.py,Measure.py,*,18,from_module
LMT/scripts/Compute_OnHouseStats.py,Util.py,getMinTMaxTAndFileNameInput,22,from_module
LMT/scripts/Compute_OnHouseStats.py,EventTimeLineCache.py,EventTimeLineCached,23,from_module
LMT/scripts/Compute_OnHouseStats.py,FileUtil.py,getFilesToProcess,24,from_module
LMT/scripts/AnalysisPerTimeBin/AnalysisPerTimeBin.py,Event.py,EventTimeLine,22,from_module
LMT/scripts/AnalysisPerTimeBin/AnalysisPerTimeBin.py,Measure.py,oneMinute,24,from_module
LMT/scripts/AnalysisPerTimeBin/AnalysisPerTimeBin.py,Measure.py,oneHour,24,from_module
LMT/scripts/AnalysisPerTimeBin/AnalysisPerTimeBin.py,AnimalType.py,AnimalType,25,from_module
LMT/scripts/tools/RecoverFrame.py,Animal.py,*,15,from_module
LMT/scripts/tools/RecoverFrame.py,Event.py,*,17,from_module
LMT/scripts/tools/RecoverFrame.py,Measure.py,*,18,from_module
LMT/scripts/tools/RecoverFrame.py,BuildEventTrain3.py,,19,from_package
LMT/scripts/tools/RecoverFrame.py,BuildEventTrain4.py,,19,from_package
LMT/scripts/tools/RecoverFrame.py,BuildEventTrain2.py,,19,from_package
LMT/scripts/tools/RecoverFrame.py,BuildEventFollowZone.py,,19,from_package
LMT/scripts/tools/RecoverFrame.py,BuildEventRear5.py,,19,from_package
LMT/scripts/tools/RecoverFrame.py,BuildEventFloorSniffing.py,,19,from_package
LMT/scripts/tools/RecoverFrame.py,\.py,,19,from_package
LMT/scripts/tools/RecoverFrame.py,TaskLogger.py,TaskLogger,32,from_module
LMT/scripts/tools/RecoverFrame.py,FileUtil.py,getFilesToProcess,35,from_module
LMT/scripts/tools/RecoverFrame.py,EventTimeLineCache.py,flushEventTimeLineCache,36,from_module
LMT/scripts/tools/RecoverFrame.py,EventTimeLineCache.py,\,36,from_module
LMT/scripts/Dyadic/ComputeDyadicExperiment.py,Measure.py,oneMinute,44,from_module
LMT/scripts/Dyadic/ComputeDyadicExperiment.py,AnimalType.py,AnimalType,48,from_module
LMT/scripts/Dyadic/ComputeDyadicExperiment.py,FileUtil.py,*,49,from_module
LMT/scripts/Dyadic/ComputeDyadic.py,Util.py,getStartTestPhase,19,from_module
LMT/scripts/Activity/ComputeActivityExperiment.py,Measure.py,oneMinute,27,from_module
LMT/scripts/Activity/ComputeActivityExperiment.py,Measure.py,oneHour,27,from_module
LMT/scripts/Activity/ComputeActivityExperiment.py,AnimalType.py,AnimalType,31,from_module
LMT/scripts/Novel_Object_Recognition_Test/checkObjectPreference.py,Animal.py,*,17,from_module
LMT/scripts/Novel_Object_Recognition_Test/checkObjectPreference.py,Util.py,*,19,from_module
LMT/scripts/Novel_Object_Recognition_Test/checkObjectPreference.py,Measure.py,*,20,from_module
LMT/scripts/Novel_Object_Recognition_Test/checkObjectPreference.py,Parameters.py,getAnimalTypeParameters,24,from_module
LMT/scripts/Novel_Object_Recognition_Test/ComputeObjectRecognition.py,Animal.py,*,17,from_module
LMT/scripts/Novel_Object_Recognition_Test/ComputeObjectRecognition.py,Util.py,*,19,from_module
LMT/scripts/Novel_Object_Recognition_Test/ComputeObjectRecognition.py,Measure.py,*,20,from_module
LMT/scripts/Novel_Object_Recognition_Test/ComputeObjectRecognition.py,BuildEventObjectSniffingNor.py,,24,from_package
LMT/scripts/Novel_Object_Recognition_Test/ComputeObjectRecognition.py,Event.py,*,25,from_module
LMT/scripts/Novel_Object_Recognition_Test/ComputeObjectRecognition.py,EventTimeLineCache.py,EventTimeLineCached,26,from_module
LMT/scripts/Novel_Object_Recognition_Test/ComputeObjectRecognition.py,Parameters.py,getAnimalTypeParameters,29,from_module
LMT/scripts/Novel_Object_Recognition_Test/ComputeObjectRecognitionNorRedCage.py,BuildEventObjectSniffingNorAcquisitionWithConfig.py,,15,from_package
LMT/scripts/Novel_Object_Recognition_Test/ComputeObjectRecognitionNorRedCage.py,\.py,,15,from_package
LMT/scripts/Novel_Object_Recognition_Test/ComputeObjectRecognitionNorRedCage.py,Animal.py,AnimalPool,20,from_module
LMT/scripts/Novel_Object_Recognition_Test/ComputeObjectRecognitionNorRedCage.py,Event.py,EventTimeLine,24,from_module
LMT/scripts/Novel_Object_Recognition_Test/ComputeObjectRecognitionNorRedCage.py,Util.py,getStarsFromPvalues,25,from_module
LMT/scripts/Novel_Object_Recognition_Test/ComputeObjectRecognitionNorRedCage.py,Util.py,addJitter,25,from_module
LMT/scripts/Novel_Object_Recognition_Test/ComputeObjectRecognitionNorRedCage.py,FileUtil.py,getFilesToProcess,28,from_module
LMT/scripts/Novel_Object_Recognition_Test/ComputeObjectRecognitionNorRedCage.py,Parameters.py,getAnimalTypeParameters,29,from_module
LMT/scripts/Novel_Object_Recognition_Test/ComputeNORAnalysis.py,Animal.py,AnimalPool,16,from_module
LMT/scripts/Novel_Object_Recognition_Test/ComputeNORAnalysis.py,Parameters.py,getAnimalTypeParameters,20,from_module
LMT/scripts/Novel_Object_Recognition_Test/ComputeNORAnalysis.py,Event.py,EventTimeLine,21,from_module
LMT/scripts/Novel_Object_Recognition_Test/ComputeNORAnalysis.py,Util.py,getStarsFromPvalues,22,from_module
LMT/scripts/Novel_Object_Recognition_Test/ComputeNORAnalysis.py,Util.py,addJitter,22,from_module
LMT/scripts/Novel_Object_Recognition_Test/ComputeNORAnalysis.py,FileUtil.py,getFilesToProcess,25,from_module
LMT/scripts/Novel_Object_Recognition_Test/ComputeNORAnalysis.py,BuildEventObjectSniffingNor.py,,29,from_package
LMT/scripts/Novel_Object_Recognition_Test/ComputeNORAnalysis.py,BuildEventObjectSniffingNorAcquisitionWithConfig.py,,29,from_package
LMT/scripts/Novel_Object_Recognition_Test/ComputeNORAnalysis.py,\.py,,29,from_package
LMT/scripts/Novel_Object_Recognition_Test/computeManualScoringNOR.py,Animal.py,*,17,from_module
LMT/scripts/Novel_Object_Recognition_Test/computeManualScoringNOR.py,Util.py,*,19,from_module
LMT/scripts/Novel_Object_Recognition_Test/computeManualScoringNOR.py,Measure.py,*,20,from_module
LMT/scripts/Novel_Object_Recognition_Test/computeManualScoringNOR.py,Parameters.py,getAnimalTypeParameters,25,from_module
LMT/scripts/Novel_Object_Recognition_Test/ComputeActivityHabituationNorTestRedCage.py,Animal.py,*,18,from_module
LMT/scripts/Novel_Object_Recognition_Test/ComputeActivityHabituationNorTestRedCage.py,Util.py,*,19,from_module
LMT/scripts/Novel_Object_Recognition_Test/ComputeActivityHabituationNorTestRedCage.py,FileUtil.py,*,20,from_module
LMT/scripts/Novel_Object_Recognition_Test/ComputeActivityHabituationNorTestRedCage.py,Measure.py,*,21,from_module
LMT/scripts/Novel_Object_Recognition_Test/ComputeNORAnalysisObjectComparisons.py,BuildEventObjectSniffingNorAcquisitionWithConfig.py,,15,from_package
LMT/scripts/Novel_Object_Recognition_Test/ComputeNORAnalysisObjectComparisons.py,\.py,,15,from_package
LMT/scripts/Novel_Object_Recognition_Test/ComputeNORAnalysisObjectComparisons.py,Animal.py,AnimalPool,18,from_module
LMT/scripts/Novel_Object_Recognition_Test/ComputeNORAnalysisObjectComparisons.py,Parameters.py,getAnimalTypeParameters,22,from_module
LMT/scripts/Novel_Object_Recognition_Test/ComputeNORAnalysisObjectComparisons.py,Event.py,EventTimeLine,23,from_module
LMT/scripts/Novel_Object_Recognition_Test/ComputeNORAnalysisObjectComparisons.py,Util.py,getStarsFromPvalues,24,from_module
LMT/scripts/Novel_Object_Recognition_Test/ComputeNORAnalysisObjectComparisons.py,Util.py,addJitter,24,from_module
LMT/scripts/Novel_Object_Recognition_Test/ComputeNORAnalysisObjectComparisons.py,FileUtil.py,getFilesToProcess,27,from_module
LMT/scripts/Novel_Object_Recognition_Test/ComputeNORAnalysisGenotypeComparison.py,Animal.py,AnimalPool,16,from_module
LMT/scripts/Novel_Object_Recognition_Test/ComputeNORAnalysisGenotypeComparison.py,Parameters.py,getAnimalTypeParameters,20,from_module
LMT/scripts/Novel_Object_Recognition_Test/ComputeNORAnalysisGenotypeComparison.py,Event.py,EventTimeLine,21,from_module
LMT/scripts/Novel_Object_Recognition_Test/ComputeNORAnalysisGenotypeComparison.py,Measure.py,oneSecond,22,from_module
LMT/scripts/Novel_Object_Recognition_Test/ComputeNORAnalysisGenotypeComparison.py,Util.py,getStarsFromPvalues,23,from_module
LMT/scripts/Novel_Object_Recognition_Test/ComputeNORAnalysisGenotypeComparison.py,Util.py,addJitter,23,from_module
LMT/scripts/Novel_Object_Recognition_Test/ComputeNORAnalysisGenotypeComparison.py,FileUtil.py,getFilesToProcess,25,from_module
LMT/scripts/Novel_Object_Recognition_Test/ComputeNORAnalysisGenotypeComparison.py,BuildEventObjectSniffingNorAcquisitionWithConfig.py,,29,from_package
LMT/scripts/Novel_Object_Recognition_Test/ComputeNORAnalysisGenotypeComparison.py,BuildEventObjectSniffingNorTestWithConfig.py,,29,from_package
LMT/scripts/Novel_Object_Recognition_Test/ComputeActivityHabituationNorTest.py,Animal.py,*,17,from_module
LMT/scripts/Novel_Object_Recognition_Test/ComputeActivityHabituationNorTest.py,Util.py,*,19,from_module
LMT/scripts/Novel_Object_Recognition_Test/ComputeActivityHabituationNorTest.py,Measure.py,*,20,from_module
LMT/scripts/Novel_Object_Recognition_Test/ConfigurationNOR.py,Measure.py,oneMinute,16,from_module
LMT/scripts/Novel_Object_Recognition_Test/ComputeActivityHabituationNorOpenfield.py,FileUtil.py,*,14,from_module
LMT/scripts/Novel_Object_Recognition_Test/ComputeActivityHabituationNorOpenfield.py,Event.py,EventTimeLine,25,from_module
LMT/scripts/contactMatrix/ContactMatrix.py,Animal.py,*,15,from_module
LMT/scripts/contactMatrix/ContactMatrix.py,Event.py,*,17,from_module
LMT/scripts/contactMatrix/ContactMatrix.py,Measure.py,*,18,from_module
LMT/scripts/contactMatrix/ContactMatrix.py,BuildEventTrain3.py,,19,from_package
LMT/scripts/contactMatrix/ContactMatrix.py,BuildEventTrain4.py,,19,from_package
LMT/scripts/contactMatrix/ContactMatrix.py,BuildEventFollowZone.py,,19,from_package
LMT/scripts/contactMatrix/ContactMatrix.py,BuildEventRear5.py,,19,from_package
LMT/scripts/contactMatrix/ContactMatrix.py,BuildEventFloorSniffing.py,,19,from_package
LMT/scripts/contactMatrix/ContactMatrix.py,\.py,,19,from_package
LMT/scripts/contactMatrix/ContactMatrix.py,Util.py,getMinTMaxTAndFileNameInput,25,from_module
LMT/scripts/contactMatrix/ContactMatrix.py,Util.py,level,25,from_module
LMT/scripts/contactMatrix/ContactMatrix.py,EventTimeLineCache.py,EventTimeLineCached,26,from_module
LMT/scripts/contactMatrix/ContactMatrix.py,FileUtil.py,getFilesToProcess,27,from_module
LMT/scripts/contactMatrix/ContactMatrix.py,FileUtil.py,addJitter,27,from_module
LMT/scripts/sensor/plotSensorData.py,Animal.py,*,15,from_module
LMT/scripts/sensor/plotSensorData.py,Event.py,*,17,from_module
LMT/scripts/sensor/plotSensorData.py,Measure.py,*,18,from_module
LMT/scripts/sensor/plotSensorData.py,BuildEventTrain3.py,,19,from_package
LMT/scripts/sensor/plotSensorData.py,BuildEventTrain4.py,,19,from_package
LMT/scripts/sensor/plotSensorData.py,BuildEventTrain2.py,,19,from_package
LMT/scripts/sensor/plotSensorData.py,BuildEventFollowZone.py,,19,from_package
LMT/scripts/sensor/plotSensorData.py,BuildEventRear5.py,,19,from_package
LMT/scripts/sensor/plotSensorData.py,BuildEventFloorSniffing.py,,19,from_package
LMT/scripts/sensor/plotSensorData.py,\.py,,19,from_package
LMT/scripts/sensor/plotSensorData.py,TaskLogger.py,TaskLogger,32,from_module
LMT/scripts/sensor/plotSensorData.py,FileUtil.py,getFilesToProcess,35,from_module
LMT/scripts/sensor/plotSensorData.py,EventTimeLineCache.py,flushEventTimeLineCache,36,from_module
LMT/scripts/sensor/plotSensorData.py,EventTimeLineCache.py,\,36,from_module
LMT/scripts/sensor/plotSensorData.py,EventTimeLineCache.py,EventTimeLineCached,39,from_module
LMT/scripts/BehaviouralSequences/ComputeTransitionsBetweenEvents.py,Animal.py,*,17,from_module
LMT/scripts/BehaviouralSequences/ComputeTransitionsBetweenEvents.py,Event.py,*,19,from_module
LMT/scripts/BehaviouralSequences/ComputeTransitionsBetweenEvents.py,Measure.py,*,20,from_module
LMT/scripts/BehaviouralSequences/ComputeTransitionsBetweenEvents.py,FileUtil.py,*,21,from_module
LMT/scripts/BehaviouralSequences/ComputeTransitionsBetweenEvents.py,Util.py,*,22,from_module
LMT/scripts/BehaviouralSequences/ComputeTransitionsBetweenEvents.py,EventTimeLineCache.py,EventTimeLineCached,23,from_module
LMT/scripts/BehaviouralSequences/ComputeTransitionsBetweenEvents.py,BehaviouralSequencesUtil.py,exclusiveEventList,24,from_module
LMT/scripts/BehaviouralSequences/ComputeTransitionsBetweenEvents.py,BehaviouralSequencesUtil.py,exclusiveEventsLabels,24,from_module
LMT/scripts/BehaviouralSequences/ComputeTransitionsBetweenEvents.py,BehaviouralSequencesUtil.py,sexList,24,from_module
LMT/scripts/BehaviouralSequences/ComputeTransitionsBetweenEvents.py,BehaviouralSequencesUtil.py,genoList,24,from_module
LMT/scripts/BehaviouralSequences/ComputeTransitionsBetweenEvents.py,BehaviouralSequencesUtil.py,sexListGeneral,24,from_module
LMT/scripts/BehaviouralSequences/ComputeTransitionsBetweenEvents.py,BehaviouralSequencesUtil.py,genoListGeneral,24,from_module
LMT/scripts/BehaviouralSequences/ComputeTransitionsBetweenEvents.py,BehaviouralSequencesUtil.py,\,24,from_module
LMT/scripts/BehaviouralSequences/ExtractEventTableFromDatabase.py,Animal.py,*,15,from_module
LMT/scripts/BehaviouralSequences/ExtractEventTableFromDatabase.py,Event.py,*,17,from_module
LMT/scripts/BehaviouralSequences/ExtractEventTableFromDatabase.py,Measure.py,*,18,from_module
LMT/scripts/BehaviouralSequences/ExtractEventTableFromDatabase.py,FileUtil.py,*,19,from_module
LMT/scripts/BehaviouralSequences/ExtractEventTableFromDatabase.py,Util.py,*,20,from_module
LMT/scripts/BehaviouralSequences/ExtractEventTableFromDatabase.py,EventTimeLineCache.py,EventTimeLineCached,21,from_module
LMT/scripts/BehaviouralSequences/ExtractEventTableFromDatabase.py,BehaviouralSequencesUtil.py,exclusiveEventList,22,from_module
LMT/scripts/BehaviouralSequences/ExtractEventTableFromDatabase.py,BehaviouralSequencesUtil.py,exclusiveEventsLabels,22,from_module
LMT/scripts/BehaviouralSequences/ExtractEventTableFromDatabase.py,BehaviouralSequencesUtil.py,sexList,22,from_module
LMT/scripts/BehaviouralSequences/ExtractEventTableFromDatabase.py,BehaviouralSequencesUtil.py,genoList,22,from_module
LMT/scripts/BehaviouralSequences/CompareProfileInitialExclusiveEvents.py,Animal.py,*,17,from_module
LMT/scripts/BehaviouralSequences/CompareProfileInitialExclusiveEvents.py,Event.py,*,19,from_module
LMT/scripts/BehaviouralSequences/CompareProfileInitialExclusiveEvents.py,Measure.py,*,20,from_module
LMT/scripts/BehaviouralSequences/CompareProfileInitialExclusiveEvents.py,FileUtil.py,*,21,from_module
LMT/scripts/BehaviouralSequences/CompareProfileInitialExclusiveEvents.py,Util.py,*,22,from_module
LMT/scripts/BehaviouralSequences/CompareProfileInitialExclusiveEvents.py,EventTimeLineCache.py,EventTimeLineCached,23,from_module
LMT/scripts/BehaviouralSequences/CompareProfileInitialExclusiveEvents.py,BehaviouralSequencesUtil.py,exclusiveEventList,24,from_module
LMT/scripts/BehaviouralSequences/CompareProfileInitialExclusiveEvents.py,BehaviouralSequencesUtil.py,exclusiveEventsLabels,24,from_module
LMT/scripts/BehaviouralSequences/CompareProfileInitialExclusiveEvents.py,BehaviouralSequencesUtil.py,sexList,24,from_module
LMT/scripts/BehaviouralSequences/CompareProfileInitialExclusiveEvents.py,BehaviouralSequencesUtil.py,genoList,24,from_module
LMT/scripts/BehaviouralSequences/CompareProfileInitialExclusiveEvents.py,BehaviouralSequencesUtil.py,sexListGeneral,24,from_module
LMT/scripts/BehaviouralSequences/CompareProfileInitialExclusiveEvents.py,BehaviouralSequencesUtil.py,genoListGeneral,24,from_module
LMT/scripts/BehaviouralSequences/CheckEventsForSequences.py,Animal.py,*,15,from_module
LMT/scripts/BehaviouralSequences/CheckEventsForSequences.py,Event.py,*,17,from_module
LMT/scripts/BehaviouralSequences/CheckEventsForSequences.py,Measure.py,*,18,from_module
LMT/scripts/BehaviouralSequences/CheckEventsForSequences.py,FileUtil.py,*,19,from_module
LMT/scripts/BehaviouralSequences/CheckEventsForSequences.py,Util.py,*,20,from_module
LMT/scripts/BehaviouralSequences/CheckEventsForSequences.py,EventTimeLineCache.py,EventTimeLineCached,21,from_module
LMT/scripts/BehaviouralSequences/CheckEventsForSequences.py,BehaviouralSequencesUtil.py,exclusiveEventList,22,from_module
LMT/scripts/BehaviouralSequences/CheckEventsForSequences.py,BehaviouralSequencesUtil.py,exclusiveEventsLabels,22,from_module
LMT/scripts/Openfield/ComputeOpenfield.py,Measure.py,oneMinute,28,from_module
LMT/lmtanalysis/BuildEventApproachContact.py,Chronometer.py,Chronometer,15,from_module
LMT/lmtanalysis/BuildEventApproachContact.py,Animal.py,*,16,from_module
LMT/lmtanalysis/BuildEventApproachContact.py,Detection.py,*,17,from_module
LMT/lmtanalysis/BuildEventApproachContact.py,Measure.py,*,18,from_module
LMT/lmtanalysis/BuildEventApproachContact.py,Event.py,*,21,from_module
LMT/lmtanalysis/BuildEventApproachContact.py,Measure.py,*,22,from_module
LMT/lmtanalysis/BuildEventApproachContact.py,EventTimeLineCache.py,EventTimeLineCached,23,from_module
LMT/lmtanalysis/BuildEventApproachContact.py,TaskLogger.py,TaskLogger,24,from_module
LMT/lmtanalysis/Mask.py,Measure.py,*,15,from_module
LMT/lmtanalysis/BuildEventWaterPoint.py,Chronometer.py,Chronometer,15,from_module
LMT/lmtanalysis/BuildEventWaterPoint.py,Animal.py,*,16,from_module
LMT/lmtanalysis/BuildEventWaterPoint.py,Detection.py,*,17,from_module
LMT/lmtanalysis/BuildEventWaterPoint.py,Measure.py,*,18,from_module
LMT/lmtanalysis/BuildEventWaterPoint.py,Event.py,*,20,from_module
LMT/lmtanalysis/BuildEventWaterPoint.py,Measure.py,*,21,from_module
LMT/lmtanalysis/BuildEventWaterPoint.py,EventTimeLineCache.py,EventTimeLineCached,25,from_module
LMT/lmtanalysis/BuildEventWaterPoint.py,Parameters.py,getAnimalTypeParameters,26,from_module
LMT/lmtanalysis/BuildEventWaterPoint.py,TaskLogger.py,TaskLogger,27,from_module
LMT/lmtanalysis/Measure.py,Point.py,Point,13,from_module
LMT/lmtanalysis/Detection.py,Measure.py,*,15,from_module
LMT/lmtanalysis/BuildEventNest3.py,Chronometer.py,Chronometer,16,from_module
LMT/lmtanalysis/BuildEventNest3.py,Animal.py,*,17,from_module
LMT/lmtanalysis/BuildEventNest3.py,Detection.py,*,18,from_module
LMT/lmtanalysis/BuildEventNest3.py,Measure.py,*,19,from_module
LMT/lmtanalysis/BuildEventNest3.py,Event.py,*,22,from_module
LMT/lmtanalysis/BuildEventNest3.py,Measure.py,*,23,from_module
LMT/lmtanalysis/BuildEventNest3.py,EventTimeLineCache.py,EventTimeLineCached,24,from_module
LMT/lmtanalysis/BuildEventNest3.py,Parameters.py,getAnimalTypeParameters,26,from_module
LMT/lmtanalysis/BuildEventNest3.py,TaskLogger.py,TaskLogger,27,from_module
LMT/lmtanalysis/Event.py,Chronometer.py,Chronometer,16,from_module
LMT/lmtanalysis/Event.py,Measure.py,*,24,from_module
LMT/lmtanalysis/BuildEventPassiveAnogenitalSniff.py,Chronometer.py,Chronometer,15,from_module
LMT/lmtanalysis/BuildEventPassiveAnogenitalSniff.py,Animal.py,*,16,from_module
LMT/lmtanalysis/BuildEventPassiveAnogenitalSniff.py,Detection.py,*,17,from_module
LMT/lmtanalysis/BuildEventPassiveAnogenitalSniff.py,Measure.py,*,18,from_module
LMT/lmtanalysis/BuildEventPassiveAnogenitalSniff.py,Event.py,*,21,from_module
LMT/lmtanalysis/BuildEventPassiveAnogenitalSniff.py,Measure.py,*,22,from_module
LMT/lmtanalysis/BuildEventPassiveAnogenitalSniff.py,EventTimeLineCache.py,EventTimeLineCached,23,from_module
LMT/lmtanalysis/BuildEventPassiveAnogenitalSniff.py,TaskLogger.py,TaskLogger,24,from_module
LMT/lmtanalysis/BuildEventFloorSniffing.py,Chronometer.py,Chronometer,15,from_module
LMT/lmtanalysis/BuildEventFloorSniffing.py,Animal.py,*,16,from_module
LMT/lmtanalysis/BuildEventFloorSniffing.py,Detection.py,*,17,from_module
LMT/lmtanalysis/BuildEventFloorSniffing.py,Measure.py,*,18,from_module
LMT/lmtanalysis/BuildEventFloorSniffing.py,Event.py,*,20,from_module
LMT/lmtanalysis/BuildEventFloorSniffing.py,Measure.py,*,21,from_module
LMT/lmtanalysis/BuildEventFloorSniffing.py,TaskLogger.py,TaskLogger,25,from_module
LMT/lmtanalysis/BuildEventMoveSpeedCategories.py,Chronometer.py,Chronometer,15,from_module
LMT/lmtanalysis/BuildEventMoveSpeedCategories.py,Animal.py,*,16,from_module
LMT/lmtanalysis/BuildEventMoveSpeedCategories.py,Detection.py,*,17,from_module
LMT/lmtanalysis/BuildEventMoveSpeedCategories.py,Measure.py,*,18,from_module
LMT/lmtanalysis/BuildEventMoveSpeedCategories.py,Event.py,*,21,from_module
LMT/lmtanalysis/BuildEventMoveSpeedCategories.py,Measure.py,*,22,from_module
LMT/lmtanalysis/BuildEventMoveSpeedCategories.py,EventTimeLineCache.py,EventTimeLineCached,23,from_module
LMT/lmtanalysis/BuildEventMoveSpeedCategories.py,Parameters.py,getAnimalTypeParameters,24,from_module
LMT/lmtanalysis/BuildEventMoveSpeedCategories.py,TaskLogger.py,TaskLogger,25,from_module
LMT/lmtanalysis/BuidEventNight.py,Util.py,*,17,from_module
LMT/lmtanalysis/BuidEventNight.py,Animal.py,*,19,from_module
LMT/lmtanalysis/BuidEventNight.py,Event.py,*,21,from_module
LMT/lmtanalysis/BuidEventNight.py,Measure.py,*,22,from_module
LMT/lmtanalysis/BuidEventNight.py,FileUtil.py,getFilesToProcess,23,from_module
LMT/lmtanalysis/BuidEventNight.py,TaskLogger.py,TaskLogger,28,from_module
LMT/lmtanalysis/BuildEventHuddling.py,Chronometer.py,Chronometer,15,from_module
LMT/lmtanalysis/BuildEventHuddling.py,Animal.py,*,16,from_module
LMT/lmtanalysis/BuildEventHuddling.py,Detection.py,*,17,from_module
LMT/lmtanalysis/BuildEventHuddling.py,Measure.py,*,18,from_module
LMT/lmtanalysis/BuildEventHuddling.py,Event.py,*,21,from_module
LMT/lmtanalysis/BuildEventHuddling.py,Measure.py,*,22,from_module
LMT/lmtanalysis/BuildEventHuddling.py,TaskLogger.py,TaskLogger,23,from_module
LMT/lmtanalysis/BuildEventOtherContact.py,Chronometer.py,Chronometer,15,from_module
LMT/lmtanalysis/BuildEventOtherContact.py,Animal.py,*,16,from_module
LMT/lmtanalysis/BuildEventOtherContact.py,Detection.py,*,17,from_module
LMT/lmtanalysis/BuildEventOtherContact.py,Measure.py,*,18,from_module
LMT/lmtanalysis/BuildEventOtherContact.py,Event.py,*,21,from_module
LMT/lmtanalysis/BuildEventOtherContact.py,Measure.py,*,22,from_module
LMT/lmtanalysis/BuildEventOtherContact.py,EventTimeLineCache.py,EventTimeLineCached,23,from_module
LMT/lmtanalysis/BuildEventOtherContact.py,TaskLogger.py,TaskLogger,24,from_module
LMT/lmtanalysis/BuildEventLongChase.py,Event.py,deleteEventTimeLineInBase,13,from_module
LMT/lmtanalysis/BuildEventLongChase.py,Event.py,EventTimeLine,13,from_module
LMT/lmtanalysis/BuildEventLongChase.py,Parameters.py,getAnimalTypeParameters,14,from_module
LMT/lmtanalysis/BuildEventLongChase.py,Animal.py,AnimalPool,15,from_module
LMT/lmtanalysis/BuildEventLongChase.py,TaskLogger.py,TaskLogger,122,from_module
LMT/lmtanalysis/BuildEventObjectSniffingNorTestWithConfig.py,Chronometer.py,Chronometer,15,from_module
LMT/lmtanalysis/BuildEventObjectSniffingNorTestWithConfig.py,Animal.py,*,16,from_module
LMT/lmtanalysis/BuildEventObjectSniffingNorTestWithConfig.py,Detection.py,*,17,from_module
LMT/lmtanalysis/BuildEventObjectSniffingNorTestWithConfig.py,Measure.py,*,18,from_module
LMT/lmtanalysis/BuildEventObjectSniffingNorTestWithConfig.py,Event.py,*,20,from_module
LMT/lmtanalysis/BuildEventObjectSniffingNorTestWithConfig.py,Measure.py,*,21,from_module
LMT/lmtanalysis/BuildEventObjectSniffingNorTestWithConfig.py,Parameters.py,getAnimalTypeParameters,25,from_module
LMT/lmtanalysis/BuildEventObjectSniffingNorTestWithConfig.py,TaskLogger.py,TaskLogger,26,from_module
LMT/lmtanalysis/BuildEventSideBySide.py,Chronometer.py,Chronometer,15,from_module
LMT/lmtanalysis/BuildEventSideBySide.py,Animal.py,*,16,from_module
LMT/lmtanalysis/BuildEventSideBySide.py,Detection.py,*,17,from_module
LMT/lmtanalysis/BuildEventSideBySide.py,Measure.py,*,18,from_module
LMT/lmtanalysis/BuildEventSideBySide.py,Event.py,*,21,from_module
LMT/lmtanalysis/BuildEventSideBySide.py,Measure.py,*,22,from_module
LMT/lmtanalysis/BuildEventSideBySide.py,Parameters.py,getAnimalTypeParameters,23,from_module
LMT/lmtanalysis/BuildEventSideBySide.py,TaskLogger.py,TaskLogger,24,from_module
LMT/lmtanalysis/BuildEventGroup2.py,Chronometer.py,Chronometer,15,from_module
LMT/lmtanalysis/BuildEventGroup2.py,Animal.py,*,16,from_module
LMT/lmtanalysis/BuildEventGroup2.py,Detection.py,*,17,from_module
LMT/lmtanalysis/BuildEventGroup2.py,Measure.py,*,18,from_module
LMT/lmtanalysis/BuildEventGroup2.py,Event.py,*,21,from_module
LMT/lmtanalysis/BuildEventGroup2.py,Measure.py,*,22,from_module
LMT/lmtanalysis/BuildEventGroup2.py,EventTimeLineCache.py,EventTimeLineCached,23,from_module
LMT/lmtanalysis/BuildEventGroup2.py,TaskLogger.py,TaskLogger,24,from_module
LMT/lmtanalysis/BuildEventTrain3.py,Chronometer.py,Chronometer,15,from_module
LMT/lmtanalysis/BuildEventTrain3.py,Animal.py,*,16,from_module
LMT/lmtanalysis/BuildEventTrain3.py,Detection.py,*,17,from_module
LMT/lmtanalysis/BuildEventTrain3.py,Measure.py,*,18,from_module
LMT/lmtanalysis/BuildEventTrain3.py,Event.py,*,21,from_module
LMT/lmtanalysis/BuildEventTrain3.py,EventTimeLineCache.py,EventTimeLineCached,22,from_module
LMT/lmtanalysis/BuildEventTrain3.py,TaskLogger.py,TaskLogger,23,from_module
LMT/lmtanalysis/CheckWrongAnimal.py,Animal.py,*,40,from_module
LMT/lmtanalysis/CheckWrongAnimal.py,Detection.py,*,41,from_module
LMT/lmtanalysis/CheckWrongAnimal.py,Measure.py,*,42,from_module
LMT/lmtanalysis/CheckWrongAnimal.py,Event.py,*,45,from_module
LMT/lmtanalysis/CheckWrongAnimal.py,Measure.py,*,46,from_module
LMT/lmtanalysis/CheckWrongAnimal.py,Chronometer.py,Chronometer,47,from_module
LMT/lmtanalysis/CheckWrongAnimal.py,TaskLogger.py,TaskLogger,48,from_module
LMT/lmtanalysis/BuildEventExclusiveUndetected.py,Chronometer.py,Chronometer,15,from_module
LMT/lmtanalysis/BuildEventExclusiveUndetected.py,Animal.py,*,16,from_module
LMT/lmtanalysis/BuildEventExclusiveUndetected.py,Detection.py,*,17,from_module
LMT/lmtanalysis/BuildEventExclusiveUndetected.py,Measure.py,*,18,from_module
LMT/lmtanalysis/BuildEventExclusiveUndetected.py,Event.py,*,21,from_module
LMT/lmtanalysis/BuildEventExclusiveUndetected.py,Measure.py,*,22,from_module
LMT/lmtanalysis/BuildEventExclusiveUndetected.py,EventTimeLineCache.py,EventTimeLineCached,23,from_module
LMT/lmtanalysis/BuildEventExclusiveUndetected.py,BehaviouralSequencesUtil.py,exclusiveEventList,24,from_module
LMT/lmtanalysis/BuildEventExclusiveUndetected.py,TaskLogger.py,TaskLogger,25,from_module
LMT/lmtanalysis/BuildEventFollowZone.py,Chronometer.py,Chronometer,18,from_module
LMT/lmtanalysis/BuildEventFollowZone.py,Animal.py,*,19,from_module
LMT/lmtanalysis/BuildEventFollowZone.py,Detection.py,*,20,from_module
LMT/lmtanalysis/BuildEventFollowZone.py,Event.py,*,23,from_module
LMT/lmtanalysis/BuildEventFollowZone.py,Measure.py,*,24,from_module
LMT/lmtanalysis/BuildEventFollowZone.py,EventTimeLineCache.py,EventTimeLineCached,28,from_module
LMT/lmtanalysis/BuildEventFollowZone.py,Parameters.py,getAnimalTypeParameters,31,from_module
LMT/lmtanalysis/BuildEventFollowZone.py,TaskLogger.py,TaskLogger,32,from_module
LMT/lmtanalysis/Animal.py,Detection.py,*,38,from_module
LMT/lmtanalysis/Animal.py,Chronometer.py,*,45,from_module
LMT/lmtanalysis/Animal.py,Measure.py,*,54,from_module
LMT/lmtanalysis/Animal.py,Event.py,EventTimeLine,60,from_module
LMT/lmtanalysis/Animal.py,Point.py,Point,61,from_module
LMT/lmtanalysis/Animal.py,Mask.py,Mask,62,from_module
LMT/lmtanalysis/Animal.py,Util.py,*,63,from_module
LMT/lmtanalysis/Animal.py,AnimalType.py,AnimalType,69,from_module
LMT/lmtanalysis/Animal.py,ParametersMouse.py,ParametersMouse,70,from_module
LMT/lmtanalysis/Animal.py,ParametersRat.py,ParametersRat,71,from_module
LMT/lmtanalysis/BuildEventMove.py,Chronometer.py,Chronometer,15,from_module
LMT/lmtanalysis/BuildEventMove.py,Animal.py,*,16,from_module
LMT/lmtanalysis/BuildEventMove.py,Detection.py,*,17,from_module
LMT/lmtanalysis/BuildEventMove.py,Measure.py,*,18,from_module
LMT/lmtanalysis/BuildEventMove.py,Event.py,*,21,from_module
LMT/lmtanalysis/BuildEventMove.py,Measure.py,*,22,from_module
LMT/lmtanalysis/BuildEventMove.py,EventTimeLineCache.py,EventTimeLineCached,23,from_module
LMT/lmtanalysis/BuildEventMove.py,TaskLogger.py,TaskLogger,24,from_module
LMT/lmtanalysis/BuildEventGroup3MakeBreak.py,Chronometer.py,Chronometer,15,from_module
LMT/lmtanalysis/BuildEventGroup3MakeBreak.py,Animal.py,*,16,from_module
LMT/lmtanalysis/BuildEventGroup3MakeBreak.py,Detection.py,*,17,from_module
LMT/lmtanalysis/BuildEventGroup3MakeBreak.py,Measure.py,*,18,from_module
LMT/lmtanalysis/BuildEventGroup3MakeBreak.py,Event.py,*,21,from_module
LMT/lmtanalysis/BuildEventGroup3MakeBreak.py,Measure.py,*,22,from_module
LMT/lmtanalysis/BuildEventGroup3MakeBreak.py,EventTimeLineCache.py,EventTimeLineCached,23,from_module
LMT/lmtanalysis/BuildEventGroup3MakeBreak.py,TaskLogger.py,TaskLogger,24,from_module
LMT/lmtanalysis/BuildEventObjectSniffingNorAcquisitionWithConfig.py,Chronometer.py,Chronometer,15,from_module
LMT/lmtanalysis/BuildEventObjectSniffingNorAcquisitionWithConfig.py,Animal.py,*,16,from_module
LMT/lmtanalysis/BuildEventObjectSniffingNorAcquisitionWithConfig.py,Detection.py,*,17,from_module
LMT/lmtanalysis/BuildEventObjectSniffingNorAcquisitionWithConfig.py,Measure.py,*,18,from_module
LMT/lmtanalysis/BuildEventObjectSniffingNorAcquisitionWithConfig.py,Event.py,*,20,from_module
LMT/lmtanalysis/BuildEventObjectSniffingNorAcquisitionWithConfig.py,Measure.py,*,21,from_module
LMT/lmtanalysis/BuildEventObjectSniffingNorAcquisitionWithConfig.py,Parameters.py,getAnimalTypeParameters,25,from_module
LMT/lmtanalysis/BuildEventObjectSniffingNorAcquisitionWithConfig.py,TaskLogger.py,TaskLogger,26,from_module
LMT/lmtanalysis/BuildEventApproachRear.py,Chronometer.py,Chronometer,15,from_module
LMT/lmtanalysis/BuildEventApproachRear.py,Animal.py,*,16,from_module
LMT/lmtanalysis/BuildEventApproachRear.py,Detection.py,*,17,from_module
LMT/lmtanalysis/BuildEventApproachRear.py,Measure.py,*,18,from_module
LMT/lmtanalysis/BuildEventApproachRear.py,Event.py,*,21,from_module
LMT/lmtanalysis/BuildEventApproachRear.py,Measure.py,*,22,from_module
LMT/lmtanalysis/BuildEventApproachRear.py,EventTimeLineCache.py,EventTimeLineCached,23,from_module
LMT/lmtanalysis/BuildEventApproachRear.py,TaskLogger.py,TaskLogger,24,from_module
LMT/lmtanalysis/BuildEventGetAway.py,Chronometer.py,Chronometer,15,from_module
LMT/lmtanalysis/BuildEventGetAway.py,Animal.py,*,16,from_module
LMT/lmtanalysis/BuildEventGetAway.py,Detection.py,*,17,from_module
LMT/lmtanalysis/BuildEventGetAway.py,Measure.py,*,18,from_module
LMT/lmtanalysis/BuildEventGetAway.py,Event.py,*,21,from_module
LMT/lmtanalysis/BuildEventGetAway.py,Measure.py,*,22,from_module
LMT/lmtanalysis/BuildEventGetAway.py,EventTimeLineCache.py,EventTimeLineCached,23,from_module
LMT/lmtanalysis/BuildEventGetAway.py,Parameters.py,getAnimalTypeParameters,24,from_module
LMT/lmtanalysis/BuildEventGetAway.py,TaskLogger.py,TaskLogger,25,from_module
LMT/lmtanalysis/BuildEventRearCenterPeriphery.py,Chronometer.py,Chronometer,15,from_module
LMT/lmtanalysis/BuildEventRearCenterPeriphery.py,Animal.py,*,16,from_module
LMT/lmtanalysis/BuildEventRearCenterPeriphery.py,Detection.py,*,17,from_module
LMT/lmtanalysis/BuildEventRearCenterPeriphery.py,Measure.py,*,18,from_module
LMT/lmtanalysis/BuildEventRearCenterPeriphery.py,Event.py,*,21,from_module
LMT/lmtanalysis/BuildEventRearCenterPeriphery.py,Measure.py,*,22,from_module
LMT/lmtanalysis/BuildEventRearCenterPeriphery.py,EventTimeLineCache.py,EventTimeLineCached,23,from_module
LMT/lmtanalysis/BuildEventRearCenterPeriphery.py,TaskLogger.py,TaskLogger,24,from_module
LMT/lmtanalysis/BuildDataBaseIndex.py,TaskLogger.py,TaskLogger,13,from_module
LMT/lmtanalysis/BuildEventOralOralContact.py,Chronometer.py,Chronometer,15,from_module
LMT/lmtanalysis/BuildEventOralOralContact.py,Animal.py,*,16,from_module
LMT/lmtanalysis/BuildEventOralOralContact.py,Detection.py,*,17,from_module
LMT/lmtanalysis/BuildEventOralOralContact.py,Measure.py,*,18,from_module
LMT/lmtanalysis/BuildEventOralOralContact.py,Event.py,*,21,from_module
LMT/lmtanalysis/BuildEventOralOralContact.py,Measure.py,*,22,from_module
LMT/lmtanalysis/BuildEventOralOralContact.py,Parameters.py,getAnimalTypeParameters,23,from_module
LMT/lmtanalysis/BuildEventOralOralContact.py,TaskLogger.py,TaskLogger,24,from_module
LMT/lmtanalysis/BuildEventGroup3.py,Chronometer.py,Chronometer,15,from_module
LMT/lmtanalysis/BuildEventGroup3.py,Animal.py,*,16,from_module
LMT/lmtanalysis/BuildEventGroup3.py,Detection.py,*,17,from_module
LMT/lmtanalysis/BuildEventGroup3.py,Measure.py,*,18,from_module
LMT/lmtanalysis/BuildEventGroup3.py,Event.py,*,21,from_module
LMT/lmtanalysis/BuildEventGroup3.py,Measure.py,*,22,from_module
LMT/lmtanalysis/BuildEventGroup3.py,EventTimeLineCache.py,EventTimeLineCached,23,from_module
LMT/lmtanalysis/BuildEventGroup3.py,TaskLogger.py,TaskLogger,24,from_module
LMT/lmtanalysis/BuildEventTrain2.py,Chronometer.py,Chronometer,15,from_module
LMT/lmtanalysis/BuildEventTrain2.py,Animal.py,*,16,from_module
LMT/lmtanalysis/BuildEventTrain2.py,Detection.py,*,17,from_module
LMT/lmtanalysis/BuildEventTrain2.py,Measure.py,*,18,from_module
LMT/lmtanalysis/BuildEventTrain2.py,Event.py,*,21,from_module
LMT/lmtanalysis/BuildEventTrain2.py,EventTimeLineCache.py,EventTimeLineCached,22,from_module
LMT/lmtanalysis/BuildEventTrain2.py,Parameters.py,getAnimalTypeParameters,23,from_module
LMT/lmtanalysis/BuildEventTrain2.py,TaskLogger.py,TaskLogger,24,from_module
LMT/lmtanalysis/BuildEventGroup4.py,Chronometer.py,Chronometer,15,from_module
LMT/lmtanalysis/BuildEventGroup4.py,Animal.py,*,16,from_module
LMT/lmtanalysis/BuildEventGroup4.py,Detection.py,*,17,from_module
LMT/lmtanalysis/BuildEventGroup4.py,Measure.py,*,18,from_module
LMT/lmtanalysis/BuildEventGroup4.py,Event.py,*,21,from_module
LMT/lmtanalysis/BuildEventGroup4.py,Measure.py,*,22,from_module
LMT/lmtanalysis/BuildEventGroup4.py,EventTimeLineCache.py,EventTimeLineCached,23,from_module
LMT/lmtanalysis/BuildEventGroup4.py,TaskLogger.py,TaskLogger,24,from_module
LMT/lmtanalysis/BuildEventStop.py,Chronometer.py,Chronometer,15,from_module
LMT/lmtanalysis/BuildEventStop.py,Animal.py,*,16,from_module
LMT/lmtanalysis/BuildEventStop.py,Detection.py,*,17,from_module
LMT/lmtanalysis/BuildEventStop.py,Measure.py,*,18,from_module
LMT/lmtanalysis/BuildEventStop.py,Event.py,*,21,from_module
LMT/lmtanalysis/BuildEventStop.py,Measure.py,*,22,from_module
LMT/lmtanalysis/BuildEventStop.py,EventTimeLineCache.py,EventTimeLineCached,23,from_module
LMT/lmtanalysis/BuildEventStop.py,TaskLogger.py,TaskLogger,24,from_module
LMT/lmtanalysis/EventTimeLineCache.py,Event.py,EventTimeLine,13,from_module
LMT/lmtanalysis/BuildEventGroup4MakeBreak.py,Chronometer.py,Chronometer,15,from_module
LMT/lmtanalysis/BuildEventGroup4MakeBreak.py,Animal.py,*,16,from_module
LMT/lmtanalysis/BuildEventGroup4MakeBreak.py,Detection.py,*,17,from_module
LMT/lmtanalysis/BuildEventGroup4MakeBreak.py,Measure.py,*,18,from_module
LMT/lmtanalysis/BuildEventGroup4MakeBreak.py,Event.py,*,21,from_module
LMT/lmtanalysis/BuildEventGroup4MakeBreak.py,Measure.py,*,22,from_module
LMT/lmtanalysis/BuildEventGroup4MakeBreak.py,EventTimeLineCache.py,EventTimeLineCached,23,from_module
LMT/lmtanalysis/BuildEventGroup4MakeBreak.py,TaskLogger.py,TaskLogger,24,from_module
LMT/lmtanalysis/ParametersRat.py,Point.py,Point,13,from_module
LMT/lmtanalysis/ParametersRat.py,Measure.py,oneSecond,14,from_module
LMT/lmtanalysis/ParametersRat.py,Measure.py,oneMinute,14,from_module
LMT/lmtanalysis/BuildEventObjectSniffingNor.py,Chronometer.py,Chronometer,15,from_module
LMT/lmtanalysis/BuildEventObjectSniffingNor.py,Animal.py,*,16,from_module
LMT/lmtanalysis/BuildEventObjectSniffingNor.py,Detection.py,*,17,from_module
LMT/lmtanalysis/BuildEventObjectSniffingNor.py,Measure.py,*,18,from_module
LMT/lmtanalysis/BuildEventObjectSniffingNor.py,Event.py,*,20,from_module
LMT/lmtanalysis/BuildEventObjectSniffingNor.py,Measure.py,*,21,from_module
LMT/lmtanalysis/BuildEventObjectSniffingNor.py,Parameters.py,getAnimalTypeParameters,25,from_module
LMT/lmtanalysis/BuildEventObjectSniffingNor.py,TaskLogger.py,TaskLogger,26,from_module
LMT/lmtanalysis/ParametersMouse.py,Point.py,Point,13,from_module
LMT/lmtanalysis/ParametersMouse.py,Measure.py,oneSecond,14,from_module
LMT/lmtanalysis/ParametersMouse.py,Measure.py,oneMinute,14,from_module
LMT/lmtanalysis/BuildEventSideBySideOpposite.py,Chronometer.py,Chronometer,15,from_module
LMT/lmtanalysis/BuildEventSideBySideOpposite.py,Animal.py,*,16,from_module
LMT/lmtanalysis/BuildEventSideBySideOpposite.py,Detection.py,*,17,from_module
LMT/lmtanalysis/BuildEventSideBySideOpposite.py,Measure.py,*,18,from_module
LMT/lmtanalysis/BuildEventSideBySideOpposite.py,Event.py,*,21,from_module
LMT/lmtanalysis/BuildEventSideBySideOpposite.py,Measure.py,*,22,from_module
LMT/lmtanalysis/BuildEventSideBySideOpposite.py,Parameters.py,getAnimalTypeParameters,23,from_module
LMT/lmtanalysis/BuildEventSideBySideOpposite.py,TaskLogger.py,TaskLogger,24,from_module
LMT/lmtanalysis/BuildEventInCorner.py,Chronometer.py,Chronometer,15,from_module
LMT/lmtanalysis/BuildEventInCorner.py,Animal.py,*,16,from_module
LMT/lmtanalysis/BuildEventInCorner.py,Detection.py,*,17,from_module
LMT/lmtanalysis/BuildEventInCorner.py,Measure.py,*,18,from_module
LMT/lmtanalysis/BuildEventInCorner.py,Event.py,*,20,from_module
LMT/lmtanalysis/BuildEventInCorner.py,Measure.py,*,21,from_module
LMT/lmtanalysis/BuildEventInCorner.py,TaskLogger.py,TaskLogger,25,from_module
LMT/lmtanalysis/BuildEventInCorner.py,EventTimeLineCache.py,,26,from_package
LMT/lmtanalysis/BuildEventInCorner.py,EventTimeLineCache.py,EventTimeLineCached,27,from_module
LMT/lmtanalysis/BuildEventInCorner.py,Parameters.py,*,28,from_module
LMT/lmtanalysis/BuildEventCenterPeripheryLocation.py,Chronometer.py,Chronometer,15,from_module
LMT/lmtanalysis/BuildEventCenterPeripheryLocation.py,Animal.py,*,16,from_module
LMT/lmtanalysis/BuildEventCenterPeripheryLocation.py,Detection.py,*,17,from_module
LMT/lmtanalysis/BuildEventCenterPeripheryLocation.py,Measure.py,*,18,from_module
LMT/lmtanalysis/BuildEventCenterPeripheryLocation.py,Event.py,*,20,from_module
LMT/lmtanalysis/BuildEventCenterPeripheryLocation.py,Measure.py,*,21,from_module
LMT/lmtanalysis/BuildEventCenterPeripheryLocation.py,TaskLogger.py,TaskLogger,25,from_module
LMT/lmtanalysis/Parameters.py,AnimalType.py,AnimalType,13,from_module
LMT/lmtanalysis/Parameters.py,ParametersMouse.py,ParametersMouse,14,from_module
LMT/lmtanalysis/Parameters.py,ParametersRat.py,ParametersRat,15,from_module
LMT/lmtanalysis/CorrectDetectionIntegrity.py,Animal.py,*,27,from_module
LMT/lmtanalysis/CorrectDetectionIntegrity.py,Detection.py,*,28,from_module
LMT/lmtanalysis/CorrectDetectionIntegrity.py,Measure.py,*,29,from_module
LMT/lmtanalysis/CorrectDetectionIntegrity.py,Event.py,*,32,from_module
LMT/lmtanalysis/CorrectDetectionIntegrity.py,Measure.py,*,33,from_module
LMT/lmtanalysis/CorrectDetectionIntegrity.py,Chronometer.py,Chronometer,34,from_module
LMT/lmtanalysis/CorrectDetectionIntegrity.py,TaskLogger.py,TaskLogger,115,from_module
LMT/lmtanalysis/BuildEventDetection.py,Animal.py,*,16,from_module
LMT/lmtanalysis/BuildEventDetection.py,Detection.py,*,17,from_module
LMT/lmtanalysis/BuildEventDetection.py,Measure.py,*,18,from_module
LMT/lmtanalysis/BuildEventDetection.py,Event.py,*,21,from_module
LMT/lmtanalysis/BuildEventDetection.py,Measure.py,*,22,from_module
LMT/lmtanalysis/BuildEventDetection.py,Chronometer.py,Chronometer,23,from_module
LMT/lmtanalysis/BuildEventDetection.py,TaskLogger.py,TaskLogger,24,from_module
LMT/lmtanalysis/BuildEventTrain4.py,Chronometer.py,Chronometer,15,from_module
LMT/lmtanalysis/BuildEventTrain4.py,Animal.py,*,16,from_module
LMT/lmtanalysis/BuildEventTrain4.py,Detection.py,*,17,from_module
LMT/lmtanalysis/BuildEventTrain4.py,Measure.py,*,18,from_module
LMT/lmtanalysis/BuildEventTrain4.py,Event.py,*,21,from_module
LMT/lmtanalysis/BuildEventTrain4.py,EventTimeLineCache.py,EventTimeLineCached,22,from_module
LMT/lmtanalysis/BuildEventTrain4.py,TaskLogger.py,TaskLogger,23,from_module
LMT/lmtanalysis/BuildEventWallJump.py,Chronometer.py,Chronometer,15,from_module
LMT/lmtanalysis/BuildEventWallJump.py,Animal.py,*,16,from_module
LMT/lmtanalysis/BuildEventWallJump.py,Detection.py,*,17,from_module
LMT/lmtanalysis/BuildEventWallJump.py,Measure.py,*,18,from_module
LMT/lmtanalysis/BuildEventWallJump.py,Event.py,*,20,from_module
LMT/lmtanalysis/BuildEventWallJump.py,Measure.py,*,21,from_module
LMT/lmtanalysis/BuildEventWallJump.py,TaskLogger.py,TaskLogger,27,from_module
LMT/lmtanalysis/BuildEventExclusiveCleanOralOralSideSideNoseAnogenitalContact.py,Chronometer.py,Chronometer,15,from_module
LMT/lmtanalysis/BuildEventExclusiveCleanOralOralSideSideNoseAnogenitalContact.py,Animal.py,*,16,from_module
LMT/lmtanalysis/BuildEventExclusiveCleanOralOralSideSideNoseAnogenitalContact.py,Detection.py,*,17,from_module
LMT/lmtanalysis/BuildEventExclusiveCleanOralOralSideSideNoseAnogenitalContact.py,Measure.py,*,18,from_module
LMT/lmtanalysis/BuildEventExclusiveCleanOralOralSideSideNoseAnogenitalContact.py,Event.py,*,21,from_module
LMT/lmtanalysis/BuildEventExclusiveCleanOralOralSideSideNoseAnogenitalContact.py,Measure.py,*,22,from_module
LMT/lmtanalysis/BuildEventExclusiveCleanOralOralSideSideNoseAnogenitalContact.py,EventTimeLineCache.py,EventTimeLineCached,23,from_module
LMT/lmtanalysis/BuildEventExclusiveCleanOralOralSideSideNoseAnogenitalContact.py,BehaviouralSequencesUtil.py,exclusiveEventList,24,from_module
LMT/lmtanalysis/BuildEventExclusiveCleanOralOralSideSideNoseAnogenitalContact.py,BehaviouralSequencesUtil.py,contactTypeList,24,from_module
LMT/lmtanalysis/BuildEventExclusiveCleanOralOralSideSideNoseAnogenitalContact.py,TaskLogger.py,TaskLogger,25,from_module
LMT/lmtanalysis/MeasureOld.py,Point.py,Point,13,from_module
LMT/lmtanalysis/BuildEventOralSideSequence.py,Chronometer.py,Chronometer,15,from_module
LMT/lmtanalysis/BuildEventOralSideSequence.py,Animal.py,*,16,from_module
LMT/lmtanalysis/BuildEventOralSideSequence.py,Detection.py,*,17,from_module
LMT/lmtanalysis/BuildEventOralSideSequence.py,Measure.py,*,18,from_module
LMT/lmtanalysis/BuildEventOralSideSequence.py,Event.py,*,20,from_module
LMT/lmtanalysis/BuildEventOralSideSequence.py,Measure.py,*,21,from_module
LMT/lmtanalysis/BuildEventOralSideSequence.py,EventTimeLineCache.py,EventTimeLineCached,25,from_module
LMT/lmtanalysis/BuildEventOralSideSequence.py,TaskLogger.py,TaskLogger,26,from_module
LMT/lmtanalysis/BuildEventOnHouse.py,Chronometer.py,Chronometer,15,from_module
LMT/lmtanalysis/BuildEventOnHouse.py,Animal.py,*,16,from_module
LMT/lmtanalysis/BuildEventOnHouse.py,Detection.py,*,17,from_module
LMT/lmtanalysis/BuildEventOnHouse.py,Measure.py,*,18,from_module
LMT/lmtanalysis/BuildEventOnHouse.py,Event.py,*,20,from_module
LMT/lmtanalysis/BuildEventOnHouse.py,Measure.py,*,21,from_module
LMT/lmtanalysis/BuildEventOnHouse.py,FileUtil.py,getFilesToProcess,27,from_module
LMT/lmtanalysis/BuildEventOnHouse.py,TaskLogger.py,TaskLogger,28,from_module
LMT/lmtanalysis/BuildEventOralGenitalContact.py,Chronometer.py,Chronometer,15,from_module
LMT/lmtanalysis/BuildEventOralGenitalContact.py,Animal.py,*,16,from_module
LMT/lmtanalysis/BuildEventOralGenitalContact.py,Detection.py,*,17,from_module
LMT/lmtanalysis/BuildEventOralGenitalContact.py,Measure.py,*,18,from_module
LMT/lmtanalysis/BuildEventOralGenitalContact.py,Event.py,*,21,from_module
LMT/lmtanalysis/BuildEventOralGenitalContact.py,Measure.py,*,22,from_module
LMT/lmtanalysis/BuildEventOralGenitalContact.py,Parameters.py,getAnimalTypeParameters,23,from_module
LMT/lmtanalysis/BuildEventOralGenitalContact.py,TaskLogger.py,TaskLogger,24,from_module
LMT/lmtanalysis/BuildEventHouse.py,Chronometer.py,Chronometer,15,from_module
LMT/lmtanalysis/BuildEventHouse.py,Animal.py,*,16,from_module
LMT/lmtanalysis/BuildEventHouse.py,Detection.py,*,17,from_module
LMT/lmtanalysis/BuildEventHouse.py,Measure.py,*,18,from_module
LMT/lmtanalysis/BuildEventHouse.py,Event.py,*,20,from_module
LMT/lmtanalysis/BuildEventHouse.py,Measure.py,*,21,from_module
LMT/lmtanalysis/BuildEventHouse.py,EventTimeLineCache.py,EventTimeLineCached,25,from_module
LMT/lmtanalysis/BuildEventHouse.py,Parameters.py,getAnimalTypeParameters,26,from_module
LMT/lmtanalysis/BuildEventHouse.py,TaskLogger.py,TaskLogger,27,from_module
LMT/lmtanalysis/BuildEventSocialEscape.py,Chronometer.py,Chronometer,15,from_module
LMT/lmtanalysis/BuildEventSocialEscape.py,Animal.py,*,16,from_module
LMT/lmtanalysis/BuildEventSocialEscape.py,Detection.py,*,17,from_module
LMT/lmtanalysis/BuildEventSocialEscape.py,Measure.py,*,18,from_module
LMT/lmtanalysis/BuildEventSocialEscape.py,Event.py,*,21,from_module
LMT/lmtanalysis/BuildEventSocialEscape.py,Measure.py,*,22,from_module
LMT/lmtanalysis/BuildEventSocialEscape.py,EventTimeLineCache.py,EventTimeLineCached,23,from_module
LMT/lmtanalysis/BuildEventSocialEscape.py,TaskLogger.py,TaskLogger,24,from_module
LMT/lmtanalysis/BuildEventSideWalk.py,Chronometer.py,Chronometer,15,from_module
LMT/lmtanalysis/BuildEventSideWalk.py,Animal.py,*,16,from_module
LMT/lmtanalysis/BuildEventSideWalk.py,Detection.py,*,17,from_module
LMT/lmtanalysis/BuildEventSideWalk.py,Measure.py,*,18,from_module
LMT/lmtanalysis/BuildEventSideWalk.py,Event.py,*,20,from_module
LMT/lmtanalysis/BuildEventSideWalk.py,Measure.py,*,21,from_module
LMT/lmtanalysis/BuildEventSideWalk.py,TaskLogger.py,TaskLogger,25,from_module
LMT/lmtanalysis/BuildEventNest4.py,Chronometer.py,Chronometer,15,from_module
LMT/lmtanalysis/BuildEventNest4.py,Animal.py,*,16,from_module
LMT/lmtanalysis/BuildEventNest4.py,Detection.py,*,17,from_module
LMT/lmtanalysis/BuildEventNest4.py,Measure.py,*,18,from_module
LMT/lmtanalysis/BuildEventNest4.py,Event.py,*,21,from_module
LMT/lmtanalysis/BuildEventNest4.py,Measure.py,*,22,from_module
LMT/lmtanalysis/BuildEventNest4.py,EventTimeLineCache.py,EventTimeLineCached,23,from_module
LMT/lmtanalysis/BuildEventNest4.py,Parameters.py,getAnimalTypeParameters,25,from_module
LMT/lmtanalysis/BuildEventNest4.py,TaskLogger.py,TaskLogger,26,from_module
LMT/lmtanalysis/BuildEventSAP.py,Chronometer.py,Chronometer,15,from_module
LMT/lmtanalysis/BuildEventSAP.py,Animal.py,*,16,from_module
LMT/lmtanalysis/BuildEventSAP.py,Detection.py,*,17,from_module
LMT/lmtanalysis/BuildEventSAP.py,Measure.py,*,18,from_module
LMT/lmtanalysis/BuildEventSAP.py,Event.py,*,21,from_module
LMT/lmtanalysis/BuildEventSAP.py,Measure.py,*,22,from_module
LMT/lmtanalysis/BuildEventSAP.py,TaskLogger.py,TaskLogger,23,from_module
LMT/lmtanalysis/BuildEventRear5.py,Chronometer.py,Chronometer,15,from_module
LMT/lmtanalysis/BuildEventRear5.py,Animal.py,*,16,from_module
LMT/lmtanalysis/BuildEventRear5.py,Detection.py,*,17,from_module
LMT/lmtanalysis/BuildEventRear5.py,Measure.py,*,18,from_module
LMT/lmtanalysis/BuildEventRear5.py,Event.py,*,20,from_module
LMT/lmtanalysis/BuildEventRear5.py,Measure.py,*,21,from_module
LMT/lmtanalysis/BuildEventRear5.py,EventTimeLineCache.py,EventTimeLineCached,25,from_module
LMT/lmtanalysis/BuildEventRear5.py,Parameters.py,getAnimalTypeParameters,26,from_module
LMT/lmtanalysis/BuildEventRear5.py,TaskLogger.py,TaskLogger,27,from_module
LMT/lmtanalysis/BuildEventSocialApproach.py,Chronometer.py,Chronometer,15,from_module
LMT/lmtanalysis/BuildEventSocialApproach.py,Animal.py,*,16,from_module
LMT/lmtanalysis/BuildEventSocialApproach.py,Detection.py,*,17,from_module
LMT/lmtanalysis/BuildEventSocialApproach.py,Measure.py,*,18,from_module
LMT/lmtanalysis/BuildEventSocialApproach.py,Event.py,*,21,from_module
LMT/lmtanalysis/BuildEventSocialApproach.py,Measure.py,*,22,from_module
LMT/lmtanalysis/BuildEventSocialApproach.py,EventTimeLineCache.py,EventTimeLineCached,23,from_module
LMT/lmtanalysis/BuildEventSocialApproach.py,TaskLogger.py,TaskLogger,24,from_module
LMT/lmtanalysis/BuildEventExclusiveMoveStopIsolated.py,Chronometer.py,Chronometer,15,from_module
LMT/lmtanalysis/BuildEventExclusiveMoveStopIsolated.py,Animal.py,*,16,from_module
LMT/lmtanalysis/BuildEventExclusiveMoveStopIsolated.py,Detection.py,*,17,from_module
LMT/lmtanalysis/BuildEventExclusiveMoveStopIsolated.py,Measure.py,*,18,from_module
LMT/lmtanalysis/BuildEventExclusiveMoveStopIsolated.py,Event.py,*,21,from_module
LMT/lmtanalysis/BuildEventExclusiveMoveStopIsolated.py,Measure.py,*,22,from_module
LMT/lmtanalysis/BuildEventExclusiveMoveStopIsolated.py,EventTimeLineCache.py,EventTimeLineCached,23,from_module
LMT/lmtanalysis/BuildEventExclusiveMoveStopIsolated.py,BehaviouralSequencesUtil.py,exclusiveEventList,24,from_module
LMT/lmtanalysis/BuildEventExclusiveMoveStopIsolated.py,TaskLogger.py,TaskLogger,25,from_module
